key;description[string];likes[number]
01d65409e37c514c3302ba5ea3af502ca017efcb.jpg;Texte français aléatoire 58;845
01f13f636bcfb6afbbe502ef35fe25d0b5b1078f.jpg;Texte français aléatoire 95;1151
01f13f636bcfb6afbbe502ef35fe25d0b5b1078f.jpg;Texte français aléatoire 87;70
01f13f636bcfb6afbbe502ef35fe25d0b5b1078f.jpg;Texte français aléatoire 54;1344
01f13f636bcfb6afbbe502ef35fe25d0b5b1078f.jpg;Texte français aléatoire 58;958
0394ffc5eeae4b14541d74e502b7b77dda2f36ca.jpg;Texte français aléatoire 51;862
0394ffc5eeae4b14541d74e502b7b77dda2f36ca.jpg;Texte français aléatoire 63;105
0394ffc5eeae4b14541d74e502b7b77dda2f36ca.jpg;Texte français aléatoire 75;551
0394ffc5eeae4b14541d74e502b7b77dda2f36ca.jpg;Texte français aléatoire 11;531
0394ffc5eeae4b14541d74e502b7b77dda2f36ca.jpg;Texte français aléatoire 17;687
0394ffc5eeae4b14541d74e502b7b77dda2f36ca.jpg;Texte français aléatoire 7;458
0394ffc5eeae4b14541d74e502b7b77dda2f36ca.jpg;Texte français aléatoire 20;981
03af433ec76910e6e878ed1c023d5fa104906710.jpg;Texte français aléatoire 62;1014
03af433ec76910e6e878ed1c023d5fa104906710.jpg;Texte français aléatoire 50;1362
03af433ec76910e6e878ed1c023d5fa104906710.jpg;Texte français aléatoire 95;154
03af433ec76910e6e878ed1c023d5fa104906710.jpg;Texte français aléatoire 56;574
03af433ec76910e6e878ed1c023d5fa104906710.jpg;Texte français aléatoire 90;414
03af433ec76910e6e878ed1c023d5fa104906710.jpg;Texte français aléatoire 65;502
03af433ec76910e6e878ed1c023d5fa104906710.jpg;Texte français aléatoire 99;381
03af433ec76910e6e878ed1c023d5fa104906710.jpg;Texte français aléatoire 55;1123
03af433ec76910e6e878ed1c023d5fa104906710.jpg;Texte français aléatoire 43;1251
050cf69570293d175a206e814f11a1acc8e7d8a2.jpg;Texte français aléatoire 52;758
050cf69570293d175a206e814f11a1acc8e7d8a2.jpg;Texte français aléatoire 12;429
050cf69570293d175a206e814f11a1acc8e7d8a2.jpg;Texte français aléatoire 10;617
050cf69570293d175a206e814f11a1acc8e7d8a2.jpg;Texte français aléatoire 58;475
050cf69570293d175a206e814f11a1acc8e7d8a2.jpg;Texte français aléatoire 67;914
050cf69570293d175a206e814f11a1acc8e7d8a2.jpg;Texte français aléatoire 10;960
050cf69570293d175a206e814f11a1acc8e7d8a2.jpg;Texte français aléatoire 26;798
050cf69570293d175a206e814f11a1acc8e7d8a2.jpg;Texte français aléatoire 93;439
05c2d32ba9f67e4ac35ec6d012459d22fda34946.png;Texte français aléatoire 29;280
05c2d32ba9f67e4ac35ec6d012459d22fda34946.png;Texte français aléatoire 22;180
05c2d32ba9f67e4ac35ec6d012459d22fda34946.png;Texte français aléatoire 75;499
05c2d32ba9f67e4ac35ec6d012459d22fda34946.png;Texte français aléatoire 46;485
05c2d32ba9f67e4ac35ec6d012459d22fda34946.png;Texte français aléatoire 85;716
05c2d32ba9f67e4ac35ec6d012459d22fda34946.png;Texte français aléatoire 37;638
06e90df23fd3a86370b9beefd7c38147e001d18d.jpg;Texte français aléatoire 98;802
06e90df23fd3a86370b9beefd7c38147e001d18d.jpg;Texte français aléatoire 4;1415
06e90df23fd3a86370b9beefd7c38147e001d18d.jpg;Texte français aléatoire 16;893
06e90df23fd3a86370b9beefd7c38147e001d18d.jpg;Texte français aléatoire 20;264
06e90df23fd3a86370b9beefd7c38147e001d18d.jpg;Texte français aléatoire 78;1201
0899e4339dcb5f2d4a9ad2662401f759a304197f.jpg;Texte français aléatoire 70;1111
0cc56ce3246a8b4e786214e3f3c0b8bbff23d443.jpg;Texte français aléatoire 100;1067
0cc56ce3246a8b4e786214e3f3c0b8bbff23d443.jpg;Texte français aléatoire 35;147
0cc56ce3246a8b4e786214e3f3c0b8bbff23d443.jpg;Texte français aléatoire 6;972
0cc56ce3246a8b4e786214e3f3c0b8bbff23d443.jpg;Texte français aléatoire 38;1012
0cc56ce3246a8b4e786214e3f3c0b8bbff23d443.jpg;Texte français aléatoire 16;684
0cc56ce3246a8b4e786214e3f3c0b8bbff23d443.jpg;Texte français aléatoire 17;1005
0cc56ce3246a8b4e786214e3f3c0b8bbff23d443.jpg;Texte français aléatoire 45;635
0cc56ce3246a8b4e786214e3f3c0b8bbff23d443.jpg;Texte français aléatoire 69;1428
0cc56ce3246a8b4e786214e3f3c0b8bbff23d443.jpg;Texte français aléatoire 42;469
0eca3d38b7a78bd3db2f0391ba8e80d0717e5887.jpg;Texte français aléatoire 66;836
0eca3d38b7a78bd3db2f0391ba8e80d0717e5887.jpg;Texte français aléatoire 94;53
0eca3d38b7a78bd3db2f0391ba8e80d0717e5887.jpg;Texte français aléatoire 41;358
0eca3d38b7a78bd3db2f0391ba8e80d0717e5887.jpg;Texte français aléatoire 55;47
0eca3d38b7a78bd3db2f0391ba8e80d0717e5887.jpg;Texte français aléatoire 40;1271
0eca3d38b7a78bd3db2f0391ba8e80d0717e5887.jpg;Texte français aléatoire 41;600
0eca3d38b7a78bd3db2f0391ba8e80d0717e5887.jpg;Texte français aléatoire 30;568
0f78b373594a04337eed98a47a59da915ba8b3b0.png;Texte français aléatoire 92;539
0f9ccb3fe70c7b9e11ee57dc417398e388609cc8.jpg;Texte français aléatoire 77;319
0f9ccb3fe70c7b9e11ee57dc417398e388609cc8.jpg;Texte français aléatoire 91;31
101d7774cdb75f40ac202897fb82ff7eee1b5a46.jpg;Texte français aléatoire 57;1381
101d7774cdb75f40ac202897fb82ff7eee1b5a46.jpg;Texte français aléatoire 68;673
101d7774cdb75f40ac202897fb82ff7eee1b5a46.jpg;Texte français aléatoire 75;468
101d7774cdb75f40ac202897fb82ff7eee1b5a46.jpg;Texte français aléatoire 73;1472
101d7774cdb75f40ac202897fb82ff7eee1b5a46.jpg;Texte français aléatoire 50;503
101d7774cdb75f40ac202897fb82ff7eee1b5a46.jpg;Texte français aléatoire 32;809
101d7774cdb75f40ac202897fb82ff7eee1b5a46.jpg;Texte français aléatoire 77;179
101d7774cdb75f40ac202897fb82ff7eee1b5a46.jpg;Texte français aléatoire 37;105
101d7774cdb75f40ac202897fb82ff7eee1b5a46.jpg;Texte français aléatoire 49;584
13a2d4ed3239298576191f87e98ec42686f0484f.jpg;Texte français aléatoire 5;1480
140ea2ba37964a17feb48f4f6a0bb4df963ceab7.jpg;Texte français aléatoire 47;87
140ea2ba37964a17feb48f4f6a0bb4df963ceab7.jpg;Texte français aléatoire 62;1263
140ea2ba37964a17feb48f4f6a0bb4df963ceab7.jpg;Texte français aléatoire 11;1103
140ea2ba37964a17feb48f4f6a0bb4df963ceab7.jpg;Texte français aléatoire 80;1440
140ea2ba37964a17feb48f4f6a0bb4df963ceab7.jpg;Texte français aléatoire 71;1407
140ea2ba37964a17feb48f4f6a0bb4df963ceab7.jpg;Texte français aléatoire 32;402
140ea2ba37964a17feb48f4f6a0bb4df963ceab7.jpg;Texte français aléatoire 51;1489
161e6cdb7369419e9d3fe0daaed980f8afc7c864.jpg;Texte français aléatoire 94;1137
161e6cdb7369419e9d3fe0daaed980f8afc7c864.jpg;Texte français aléatoire 20;326
161e6cdb7369419e9d3fe0daaed980f8afc7c864.jpg;Texte français aléatoire 35;1031
1749c4918e0d8832b320e5e67a9534f8e01ef573.jpg;Texte français aléatoire 62;739
1749c4918e0d8832b320e5e67a9534f8e01ef573.jpg;Texte français aléatoire 7;616
1749c4918e0d8832b320e5e67a9534f8e01ef573.jpg;Texte français aléatoire 33;1374
1749c4918e0d8832b320e5e67a9534f8e01ef573.jpg;Texte français aléatoire 16;8
1749c4918e0d8832b320e5e67a9534f8e01ef573.jpg;Texte français aléatoire 4;131
1749c4918e0d8832b320e5e67a9534f8e01ef573.jpg;Texte français aléatoire 41;1459
1749c4918e0d8832b320e5e67a9534f8e01ef573.jpg;Texte français aléatoire 25;892
1749c4918e0d8832b320e5e67a9534f8e01ef573.jpg;Texte français aléatoire 34;1134
1749c4918e0d8832b320e5e67a9534f8e01ef573.jpg;Texte français aléatoire 28;1273
1749c4918e0d8832b320e5e67a9534f8e01ef573.jpg;Texte français aléatoire 77;1063
1a695d0d7cd5092cfa15e6a5c4fc948f98e239d9.jpg;Texte français aléatoire 36;1273
1a695d0d7cd5092cfa15e6a5c4fc948f98e239d9.jpg;Texte français aléatoire 60;531
1a695d0d7cd5092cfa15e6a5c4fc948f98e239d9.jpg;Texte français aléatoire 95;1102
1a695d0d7cd5092cfa15e6a5c4fc948f98e239d9.jpg;Texte français aléatoire 3;436
1a695d0d7cd5092cfa15e6a5c4fc948f98e239d9.jpg;Texte français aléatoire 11;414
1a695d0d7cd5092cfa15e6a5c4fc948f98e239d9.jpg;Texte français aléatoire 3;1461
1d548e39e05f5383a18dfad229dd67f0a0c8a479.jpg;Texte français aléatoire 79;28
1d548e39e05f5383a18dfad229dd67f0a0c8a479.jpg;Texte français aléatoire 42;1175
1d548e39e05f5383a18dfad229dd67f0a0c8a479.jpg;Texte français aléatoire 53;935
1d548e39e05f5383a18dfad229dd67f0a0c8a479.jpg;Texte français aléatoire 34;71
1d548e39e05f5383a18dfad229dd67f0a0c8a479.jpg;Texte français aléatoire 61;664
1d548e39e05f5383a18dfad229dd67f0a0c8a479.jpg;Texte français aléatoire 79;41
1d548e39e05f5383a18dfad229dd67f0a0c8a479.jpg;Texte français aléatoire 82;787
1dc1ccfe79e6ea932df2549c19568ba1188c4388.jpg;Texte français aléatoire 71;814
1dc1ccfe79e6ea932df2549c19568ba1188c4388.jpg;Texte français aléatoire 7;1340
1dc1ccfe79e6ea932df2549c19568ba1188c4388.jpg;Texte français aléatoire 19;38
1dc1ccfe79e6ea932df2549c19568ba1188c4388.jpg;Texte français aléatoire 67;971
1fbe2030a259ddb28af95b0e00f1eb74928f1c1d.jpg;Texte français aléatoire 17;614
1fbe2030a259ddb28af95b0e00f1eb74928f1c1d.jpg;Texte français aléatoire 35;472
226d3b4fe58d3b4c7881d6a4d15038e481739aec.jpg;Texte français aléatoire 17;840
226d3b4fe58d3b4c7881d6a4d15038e481739aec.jpg;Texte français aléatoire 71;1351
22fcb095dda5d9d8f12dfe8b306b5f299ab3a13f.jpg;Texte français aléatoire 47;808
22fcb095dda5d9d8f12dfe8b306b5f299ab3a13f.jpg;Texte français aléatoire 78;903
22fcb095dda5d9d8f12dfe8b306b5f299ab3a13f.jpg;Texte français aléatoire 23;1375
22fcb095dda5d9d8f12dfe8b306b5f299ab3a13f.jpg;Texte français aléatoire 19;1160
22fcb095dda5d9d8f12dfe8b306b5f299ab3a13f.jpg;Texte français aléatoire 20;637
22fcb095dda5d9d8f12dfe8b306b5f299ab3a13f.jpg;Texte français aléatoire 35;892
22fcb095dda5d9d8f12dfe8b306b5f299ab3a13f.jpg;Texte français aléatoire 69;656
22fcb095dda5d9d8f12dfe8b306b5f299ab3a13f.jpg;Texte français aléatoire 17;962
247fe4dcaf5831dd0abde8d2e0716515c26f0017.jpg;Texte français aléatoire 84;991
247fe4dcaf5831dd0abde8d2e0716515c26f0017.jpg;Texte français aléatoire 57;1185
247fe4dcaf5831dd0abde8d2e0716515c26f0017.jpg;Texte français aléatoire 5;14
247fe4dcaf5831dd0abde8d2e0716515c26f0017.jpg;Texte français aléatoire 85;259
247fe4dcaf5831dd0abde8d2e0716515c26f0017.jpg;Texte français aléatoire 55;296
247fe4dcaf5831dd0abde8d2e0716515c26f0017.jpg;Texte français aléatoire 30;439
247fe4dcaf5831dd0abde8d2e0716515c26f0017.jpg;Texte français aléatoire 22;997
247fe4dcaf5831dd0abde8d2e0716515c26f0017.jpg;Texte français aléatoire 74;556
26_601e5ee61513d5b2a712154e04679fa77b4e20dc.jpg;Texte français aléatoire 28;1012
26_601e5ee61513d5b2a712154e04679fa77b4e20dc.jpg;Texte français aléatoire 79;942
26_601e5ee61513d5b2a712154e04679fa77b4e20dc.jpg;Texte français aléatoire 17;951
26_601e5ee61513d5b2a712154e04679fa77b4e20dc.jpg;Texte français aléatoire 48;1303
26_601e5ee61513d5b2a712154e04679fa77b4e20dc.jpg;Texte français aléatoire 44;1310
26_601e5ee61513d5b2a712154e04679fa77b4e20dc.jpg;Texte français aléatoire 25;28
26_601e5ee61513d5b2a712154e04679fa77b4e20dc.jpg;Texte français aléatoire 95;77
26_601e5ee61513d5b2a712154e04679fa77b4e20dc.jpg;Texte français aléatoire 9;1417
276def2eb31f7f5053e3aac01116138da60e8194.png;Texte français aléatoire 52;1356
276def2eb31f7f5053e3aac01116138da60e8194.png;Texte français aléatoire 33;676
276def2eb31f7f5053e3aac01116138da60e8194.png;Texte français aléatoire 91;1289
276def2eb31f7f5053e3aac01116138da60e8194.png;Texte français aléatoire 10;756
27c0753dd08bcda56f8e0b1dba2b4c7368f7c928.jpg;Texte français aléatoire 83;444
27c0753dd08bcda56f8e0b1dba2b4c7368f7c928.jpg;Texte français aléatoire 26;905
27c0753dd08bcda56f8e0b1dba2b4c7368f7c928.jpg;Texte français aléatoire 85;231
27c0753dd08bcda56f8e0b1dba2b4c7368f7c928.jpg;Texte français aléatoire 6;659
27c0753dd08bcda56f8e0b1dba2b4c7368f7c928.jpg;Texte français aléatoire 66;13
2a577941b80fd09d8542a0fd7636e36127b3a510.jpg;Texte français aléatoire 31;655
2a577941b80fd09d8542a0fd7636e36127b3a510.jpg;Texte français aléatoire 62;61
2a577941b80fd09d8542a0fd7636e36127b3a510.jpg;Texte français aléatoire 79;411
2a577941b80fd09d8542a0fd7636e36127b3a510.jpg;Texte français aléatoire 8;336
2a577941b80fd09d8542a0fd7636e36127b3a510.jpg;Texte français aléatoire 87;68
2a577941b80fd09d8542a0fd7636e36127b3a510.jpg;Texte français aléatoire 25;417
2a577941b80fd09d8542a0fd7636e36127b3a510.jpg;Texte français aléatoire 85;446
2a577941b80fd09d8542a0fd7636e36127b3a510.jpg;Texte français aléatoire 9;738
2a577941b80fd09d8542a0fd7636e36127b3a510.jpg;Texte français aléatoire 17;257
2a577941b80fd09d8542a0fd7636e36127b3a510.jpg;Texte français aléatoire 39;691
2d55a5a07d2edfd3ee3cf9a2820ad5b1854c43cc.jpg;Texte français aléatoire 74;406
2d55a5a07d2edfd3ee3cf9a2820ad5b1854c43cc.jpg;Texte français aléatoire 9;1341
2fbf34a86f0b3786977d429117ba8e480ac9149d.jpg;Texte français aléatoire 40;738
2fbf34a86f0b3786977d429117ba8e480ac9149d.jpg;Texte français aléatoire 34;44
2fbf34a86f0b3786977d429117ba8e480ac9149d.jpg;Texte français aléatoire 84;1315
2fc76e4d99c98f061069744aaa665b251aad739d.jpg;Texte français aléatoire 92;1300
2fc76e4d99c98f061069744aaa665b251aad739d.jpg;Texte français aléatoire 10;567
2fc76e4d99c98f061069744aaa665b251aad739d.jpg;Texte français aléatoire 22;1411
3211845397404403f6f858f356aa2804134db1a9.jpg;Texte français aléatoire 81;322
3211845397404403f6f858f356aa2804134db1a9.jpg;Texte français aléatoire 42;1298
3211845397404403f6f858f356aa2804134db1a9.jpg;Texte français aléatoire 16;485
3211845397404403f6f858f356aa2804134db1a9.jpg;Texte français aléatoire 13;705
344ae537fb438f88df5ff1a829c22337f6763167.jpg;Texte français aléatoire 18;1106
344ae537fb438f88df5ff1a829c22337f6763167.jpg;Texte français aléatoire 83;1039
344ae537fb438f88df5ff1a829c22337f6763167.jpg;Texte français aléatoire 82;1123
344ae537fb438f88df5ff1a829c22337f6763167.jpg;Texte français aléatoire 73;1064
344ae537fb438f88df5ff1a829c22337f6763167.jpg;Texte français aléatoire 78;1473
344ae537fb438f88df5ff1a829c22337f6763167.jpg;Texte français aléatoire 100;907
347104e8b7ca509110d922af67918299a102092b.png;Texte français aléatoire 49;227
347104e8b7ca509110d922af67918299a102092b.png;Texte français aléatoire 23;835
347104e8b7ca509110d922af67918299a102092b.png;Texte français aléatoire 23;927
347104e8b7ca509110d922af67918299a102092b.png;Texte français aléatoire 76;1175
349e09c586e477d65411b8c44505828673887afc.jpg;Texte français aléatoire 81;407
349e09c586e477d65411b8c44505828673887afc.jpg;Texte français aléatoire 42;314
349e09c586e477d65411b8c44505828673887afc.jpg;Texte français aléatoire 61;976
349e09c586e477d65411b8c44505828673887afc.jpg;Texte français aléatoire 81;334
349e09c586e477d65411b8c44505828673887afc.jpg;Texte français aléatoire 54;197
349e09c586e477d65411b8c44505828673887afc.jpg;Texte français aléatoire 49;601
34af55a7bb4c0426cb13032478142a740c670c59.jpg;Texte français aléatoire 93;1089
34af55a7bb4c0426cb13032478142a740c670c59.jpg;Texte français aléatoire 70;1260
34af55a7bb4c0426cb13032478142a740c670c59.jpg;Texte français aléatoire 34;1499
34af55a7bb4c0426cb13032478142a740c670c59.jpg;Texte français aléatoire 70;57
34af55a7bb4c0426cb13032478142a740c670c59.jpg;Texte français aléatoire 73;42
34af55a7bb4c0426cb13032478142a740c670c59.jpg;Texte français aléatoire 91;702
3722787ffc8663dd2a40735900d7adc977ec6401.jpg;Texte français aléatoire 20;1140
3722787ffc8663dd2a40735900d7adc977ec6401.jpg;Texte français aléatoire 46;641
3722787ffc8663dd2a40735900d7adc977ec6401.jpg;Texte français aléatoire 9;206
3722787ffc8663dd2a40735900d7adc977ec6401.jpg;Texte français aléatoire 86;416
374784a76730c41c2db47a3706886974ce3db64e.jpg;Texte français aléatoire 29;668
374784a76730c41c2db47a3706886974ce3db64e.jpg;Texte français aléatoire 10;629
374784a76730c41c2db47a3706886974ce3db64e.jpg;Texte français aléatoire 99;129
37d4bfde89bc127099564c695de482a73ada05a3.jpg;Texte français aléatoire 90;1302
37d4bfde89bc127099564c695de482a73ada05a3.jpg;Texte français aléatoire 14;91
37d4bfde89bc127099564c695de482a73ada05a3.jpg;Texte français aléatoire 70;655
37d4bfde89bc127099564c695de482a73ada05a3.jpg;Texte français aléatoire 32;941
37d4bfde89bc127099564c695de482a73ada05a3.jpg;Texte français aléatoire 48;258
394ad7fe761d91c0f5f9882f08c8fd7b52ea1a71.jpg;Texte français aléatoire 55;220
394ad7fe761d91c0f5f9882f08c8fd7b52ea1a71.jpg;Texte français aléatoire 49;957
399c3c9d5068ee8ef71e4f3b89b32415315370b9.jpg;Texte français aléatoire 53;13
399c3c9d5068ee8ef71e4f3b89b32415315370b9.jpg;Texte français aléatoire 43;386
399c3c9d5068ee8ef71e4f3b89b32415315370b9.jpg;Texte français aléatoire 7;640
399c3c9d5068ee8ef71e4f3b89b32415315370b9.jpg;Texte français aléatoire 11;813
399c3c9d5068ee8ef71e4f3b89b32415315370b9.jpg;Texte français aléatoire 73;106
399c3c9d5068ee8ef71e4f3b89b32415315370b9.jpg;Texte français aléatoire 27;170
399c3c9d5068ee8ef71e4f3b89b32415315370b9.jpg;Texte français aléatoire 40;655
399c3c9d5068ee8ef71e4f3b89b32415315370b9.jpg;Texte français aléatoire 35;366
399c3c9d5068ee8ef71e4f3b89b32415315370b9.jpg;Texte français aléatoire 53;525
3a101e844e41a1a11380e2de1e8a13386a934bf2.jpg;Texte français aléatoire 41;765
3ab978a1cae11a8ff6a0146cd2ab405cce5f6568.jpg;Texte français aléatoire 93;964
3aea6c51f9eecce88a4ad3d33b2be01b148e7cc4.jpg;Texte français aléatoire 43;1294
3aea6c51f9eecce88a4ad3d33b2be01b148e7cc4.jpg;Texte français aléatoire 9;1371
3aea6c51f9eecce88a4ad3d33b2be01b148e7cc4.jpg;Texte français aléatoire 42;968
3aea6c51f9eecce88a4ad3d33b2be01b148e7cc4.jpg;Texte français aléatoire 20;1342
3aea6c51f9eecce88a4ad3d33b2be01b148e7cc4.jpg;Texte français aléatoire 73;182
3cd2ea2b576309c6301d0c0d16155c54c4bd6f32.jpg;Texte français aléatoire 85;873
3cd2ea2b576309c6301d0c0d16155c54c4bd6f32.jpg;Texte français aléatoire 23;1171
3cd2ea2b576309c6301d0c0d16155c54c4bd6f32.jpg;Texte français aléatoire 6;452
3cd2ea2b576309c6301d0c0d16155c54c4bd6f32.jpg;Texte français aléatoire 97;890
3cd2ea2b576309c6301d0c0d16155c54c4bd6f32.jpg;Texte français aléatoire 33;1228
3cd2ea2b576309c6301d0c0d16155c54c4bd6f32.jpg;Texte français aléatoire 43;1428
3cd2ea2b576309c6301d0c0d16155c54c4bd6f32.jpg;Texte français aléatoire 5;1138
3cd2ea2b576309c6301d0c0d16155c54c4bd6f32.jpg;Texte français aléatoire 37;844
3de02cbb539c1cc34e3b0a4792b2f02a28f70d85.jpg;Texte français aléatoire 92;288
3de02cbb539c1cc34e3b0a4792b2f02a28f70d85.jpg;Texte français aléatoire 18;1435
3de02cbb539c1cc34e3b0a4792b2f02a28f70d85.jpg;Texte français aléatoire 40;149
3de02cbb539c1cc34e3b0a4792b2f02a28f70d85.jpg;Texte français aléatoire 56;172
3de02cbb539c1cc34e3b0a4792b2f02a28f70d85.jpg;Texte français aléatoire 61;504
3de02cbb539c1cc34e3b0a4792b2f02a28f70d85.jpg;Texte français aléatoire 28;987
3de02cbb539c1cc34e3b0a4792b2f02a28f70d85.jpg;Texte français aléatoire 44;544
3de02cbb539c1cc34e3b0a4792b2f02a28f70d85.jpg;Texte français aléatoire 34;1011
3e0b007a4f400da4200e7b5d715a4bce4fedfdb8.jpg;Texte français aléatoire 4;528
3e0b007a4f400da4200e7b5d715a4bce4fedfdb8.jpg;Texte français aléatoire 65;887
3e380445ec81a3c475885250983772961b0d37c7.jpg;Texte français aléatoire 64;290
3e380445ec81a3c475885250983772961b0d37c7.jpg;Texte français aléatoire 39;1035
3e380445ec81a3c475885250983772961b0d37c7.jpg;Texte français aléatoire 22;1252
3e380445ec81a3c475885250983772961b0d37c7.jpg;Texte français aléatoire 33;1117
3e380445ec81a3c475885250983772961b0d37c7.jpg;Texte français aléatoire 95;1083
3ee8f4b71e41a478c8b0449ee86c0d6fdba30c4d.jpg;Texte français aléatoire 90;1323
3ee8f4b71e41a478c8b0449ee86c0d6fdba30c4d.jpg;Texte français aléatoire 18;37
3ee8f4b71e41a478c8b0449ee86c0d6fdba30c4d.jpg;Texte français aléatoire 37;1126
3ee8f4b71e41a478c8b0449ee86c0d6fdba30c4d.jpg;Texte français aléatoire 82;118
3ee8f4b71e41a478c8b0449ee86c0d6fdba30c4d.jpg;Texte français aléatoire 65;130
3ee8f4b71e41a478c8b0449ee86c0d6fdba30c4d.jpg;Texte français aléatoire 84;112
3ee8f4b71e41a478c8b0449ee86c0d6fdba30c4d.jpg;Texte français aléatoire 3;417
3f8a53693adb7f9d9c1ca700b19753885101b802.jpg;Texte français aléatoire 7;988
3f8a53693adb7f9d9c1ca700b19753885101b802.jpg;Texte français aléatoire 8;54
3f8a53693adb7f9d9c1ca700b19753885101b802.jpg;Texte français aléatoire 45;273
3f8a53693adb7f9d9c1ca700b19753885101b802.jpg;Texte français aléatoire 36;285
3f8a53693adb7f9d9c1ca700b19753885101b802.jpg;Texte français aléatoire 67;1202
3f8a53693adb7f9d9c1ca700b19753885101b802.jpg;Texte français aléatoire 83;75
4035102e34496ee21069d66e6a3ae93afacb80f9.jpg;Texte français aléatoire 49;1215
40ecf519cdc77fcca49ee4a75c755758d6c78af4.jpg;Texte français aléatoire 56;1337
40ecf519cdc77fcca49ee4a75c755758d6c78af4.jpg;Texte français aléatoire 64;414
40ecf519cdc77fcca49ee4a75c755758d6c78af4.jpg;Texte français aléatoire 57;1214
40ecf519cdc77fcca49ee4a75c755758d6c78af4.jpg;Texte français aléatoire 76;183
40ecf519cdc77fcca49ee4a75c755758d6c78af4.jpg;Texte français aléatoire 62;718
40ecf519cdc77fcca49ee4a75c755758d6c78af4.jpg;Texte français aléatoire 4;1190
4153999fdd921ed865e9d8ba3f8f83c227741d5f.jpg;Texte français aléatoire 93;1345
4153999fdd921ed865e9d8ba3f8f83c227741d5f.jpg;Texte français aléatoire 95;977
4153999fdd921ed865e9d8ba3f8f83c227741d5f.jpg;Texte français aléatoire 61;974
4153999fdd921ed865e9d8ba3f8f83c227741d5f.jpg;Texte français aléatoire 31;1043
4153999fdd921ed865e9d8ba3f8f83c227741d5f.jpg;Texte français aléatoire 38;865
4153999fdd921ed865e9d8ba3f8f83c227741d5f.jpg;Texte français aléatoire 75;1481
418578908e7861bcb1a8318771ea466d8788d40b.jpg;Texte français aléatoire 44;1448
418578908e7861bcb1a8318771ea466d8788d40b.jpg;Texte français aléatoire 38;1435
418578908e7861bcb1a8318771ea466d8788d40b.jpg;Texte français aléatoire 5;832
418578908e7861bcb1a8318771ea466d8788d40b.jpg;Texte français aléatoire 89;647
45759820ef70088ef8fb83d2861a5356f76ee8f5.jpg;Texte français aléatoire 77;585
45759820ef70088ef8fb83d2861a5356f76ee8f5.jpg;Texte français aléatoire 44;213
45759820ef70088ef8fb83d2861a5356f76ee8f5.jpg;Texte français aléatoire 73;506
45759820ef70088ef8fb83d2861a5356f76ee8f5.jpg;Texte français aléatoire 55;1227
45759820ef70088ef8fb83d2861a5356f76ee8f5.jpg;Texte français aléatoire 91;1279
45759820ef70088ef8fb83d2861a5356f76ee8f5.jpg;Texte français aléatoire 54;405
45759820ef70088ef8fb83d2861a5356f76ee8f5.jpg;Texte français aléatoire 13;868
45759820ef70088ef8fb83d2861a5356f76ee8f5.jpg;Texte français aléatoire 99;1031
45759820ef70088ef8fb83d2861a5356f76ee8f5.jpg;Texte français aléatoire 23;1304
4684fa4d21f5e4f97f18cf9efb48072844dfe773.jpg;Texte français aléatoire 37;1015
4684fa4d21f5e4f97f18cf9efb48072844dfe773.jpg;Texte français aléatoire 42;1150
4684fa4d21f5e4f97f18cf9efb48072844dfe773.jpg;Texte français aléatoire 39;708
488148d14a6f24d5e2a0350b7947a117713b8e4a.jpg;Texte français aléatoire 69;1403
488148d14a6f24d5e2a0350b7947a117713b8e4a.jpg;Texte français aléatoire 40;815
488148d14a6f24d5e2a0350b7947a117713b8e4a.jpg;Texte français aléatoire 27;185
488148d14a6f24d5e2a0350b7947a117713b8e4a.jpg;Texte français aléatoire 46;139
488148d14a6f24d5e2a0350b7947a117713b8e4a.jpg;Texte français aléatoire 31;1353
488148d14a6f24d5e2a0350b7947a117713b8e4a.jpg;Texte français aléatoire 43;735
488148d14a6f24d5e2a0350b7947a117713b8e4a.jpg;Texte français aléatoire 90;68
488148d14a6f24d5e2a0350b7947a117713b8e4a.jpg;Texte français aléatoire 78;1110
488148d14a6f24d5e2a0350b7947a117713b8e4a.jpg;Texte français aléatoire 51;586
488148d14a6f24d5e2a0350b7947a117713b8e4a.jpg;Texte français aléatoire 7;979
49c2c7e0e7bd7de0bb9d0961f996ce9f94cbddde.png;Texte français aléatoire 32;913
49c2c7e0e7bd7de0bb9d0961f996ce9f94cbddde.png;Texte français aléatoire 5;644
49c2c7e0e7bd7de0bb9d0961f996ce9f94cbddde.png;Texte français aléatoire 13;269
49c2c7e0e7bd7de0bb9d0961f996ce9f94cbddde.png;Texte français aléatoire 96;1066
49c2c7e0e7bd7de0bb9d0961f996ce9f94cbddde.png;Texte français aléatoire 78;269
49c2c7e0e7bd7de0bb9d0961f996ce9f94cbddde.png;Texte français aléatoire 99;832
49c2c7e0e7bd7de0bb9d0961f996ce9f94cbddde.png;Texte français aléatoire 4;354
4a45068b4547291366911daead41c7175d0ccc74.jpg;Texte français aléatoire 32;1349
4a45068b4547291366911daead41c7175d0ccc74.jpg;Texte français aléatoire 48;541
4a45068b4547291366911daead41c7175d0ccc74.jpg;Texte français aléatoire 67;520
4a45068b4547291366911daead41c7175d0ccc74.jpg;Texte français aléatoire 66;1226
4a4c42895b8f8dd9e324aead55cecfe51389d471.jpg;Texte français aléatoire 28;436
4a4c42895b8f8dd9e324aead55cecfe51389d471.jpg;Texte français aléatoire 56;1403
4a4c42895b8f8dd9e324aead55cecfe51389d471.jpg;Texte français aléatoire 83;80
4b95beb257fb356a86d7f8d285b616a4e80b30d6.jpg;Texte français aléatoire 15;1377
4b95beb257fb356a86d7f8d285b616a4e80b30d6.jpg;Texte français aléatoire 88;1149
4b95beb257fb356a86d7f8d285b616a4e80b30d6.jpg;Texte français aléatoire 90;1483
4b95beb257fb356a86d7f8d285b616a4e80b30d6.jpg;Texte français aléatoire 37;318
4b95beb257fb356a86d7f8d285b616a4e80b30d6.jpg;Texte français aléatoire 3;343
4c2d1f85f4bf3e84cc3ff59b9e046fee7fe4d7d1.png;Texte français aléatoire 97;783
4c2d1f85f4bf3e84cc3ff59b9e046fee7fe4d7d1.png;Texte français aléatoire 4;1107
4dfb7e9f315726ce92d7cbf76554b5194398e499.jpg;Texte français aléatoire 4;569
4dfb7e9f315726ce92d7cbf76554b5194398e499.jpg;Texte français aléatoire 64;1450
4dfb7e9f315726ce92d7cbf76554b5194398e499.jpg;Texte français aléatoire 50;256
4dfb7e9f315726ce92d7cbf76554b5194398e499.jpg;Texte français aléatoire 21;1086
4dfb7e9f315726ce92d7cbf76554b5194398e499.jpg;Texte français aléatoire 42;1446
4dfb7e9f315726ce92d7cbf76554b5194398e499.jpg;Texte français aléatoire 51;218
4dfb7e9f315726ce92d7cbf76554b5194398e499.jpg;Texte français aléatoire 20;128
4dfb7e9f315726ce92d7cbf76554b5194398e499.jpg;Texte français aléatoire 2;1122
4dfb7e9f315726ce92d7cbf76554b5194398e499.jpg;Texte français aléatoire 29;1378
4dfb7e9f315726ce92d7cbf76554b5194398e499.jpg;Texte français aléatoire 18;1067
4ee19ab11c29c11e8d92f2372f315c60dec2a8c4.jpg;Texte français aléatoire 26;174
4ee19ab11c29c11e8d92f2372f315c60dec2a8c4.jpg;Texte français aléatoire 65;1197
4ee19ab11c29c11e8d92f2372f315c60dec2a8c4.jpg;Texte français aléatoire 51;68
4ee19ab11c29c11e8d92f2372f315c60dec2a8c4.jpg;Texte français aléatoire 64;420
4ee19ab11c29c11e8d92f2372f315c60dec2a8c4.jpg;Texte français aléatoire 81;967
4ee19ab11c29c11e8d92f2372f315c60dec2a8c4.jpg;Texte français aléatoire 45;1362
4ee19ab11c29c11e8d92f2372f315c60dec2a8c4.jpg;Texte français aléatoire 7;1177
4efcc4cc123a4c9f39b5f53c70236db7c8ee05a5.jpg;Texte français aléatoire 58;1471
5003303ad8deb52a9a0225b5b22af535e73e0bb6.jpg;Texte français aléatoire 37;1066
50a6ad38ddc3117319b5340db7047d864c6075c5.jpg;Texte français aléatoire 99;1354
50a6ad38ddc3117319b5340db7047d864c6075c5.jpg;Texte français aléatoire 23;336
50a6ad38ddc3117319b5340db7047d864c6075c5.jpg;Texte français aléatoire 25;1316
50a6ad38ddc3117319b5340db7047d864c6075c5.jpg;Texte français aléatoire 65;981
50a6ad38ddc3117319b5340db7047d864c6075c5.jpg;Texte français aléatoire 39;774
50a6ad38ddc3117319b5340db7047d864c6075c5.jpg;Texte français aléatoire 1;1186
50a6ad38ddc3117319b5340db7047d864c6075c5.jpg;Texte français aléatoire 6;142
50a6ad38ddc3117319b5340db7047d864c6075c5.jpg;Texte français aléatoire 17;187
50a6ad38ddc3117319b5340db7047d864c6075c5.jpg;Texte français aléatoire 25;1342
52e3f67ede4caa5f0adb327944f7704b606d8a93.jpg;Texte français aléatoire 35;310
52e3f67ede4caa5f0adb327944f7704b606d8a93.jpg;Texte français aléatoire 60;761
52e3f67ede4caa5f0adb327944f7704b606d8a93.jpg;Texte français aléatoire 15;534
52e3f67ede4caa5f0adb327944f7704b606d8a93.jpg;Texte français aléatoire 92;1032
52e3f67ede4caa5f0adb327944f7704b606d8a93.jpg;Texte français aléatoire 18;276
52e3f67ede4caa5f0adb327944f7704b606d8a93.jpg;Texte français aléatoire 7;137
52e3f67ede4caa5f0adb327944f7704b606d8a93.jpg;Texte français aléatoire 99;822
53b33083aeeed5f8b63994073c9e198882842a2f.jpg;Texte français aléatoire 25;1440
53b33083aeeed5f8b63994073c9e198882842a2f.jpg;Texte français aléatoire 65;1351
53b33083aeeed5f8b63994073c9e198882842a2f.jpg;Texte français aléatoire 66;930
53b33083aeeed5f8b63994073c9e198882842a2f.jpg;Texte français aléatoire 26;33
53b33083aeeed5f8b63994073c9e198882842a2f.jpg;Texte français aléatoire 71;427
549a7f4d6e010076006b5caf2ce053df98d56917.jpg;Texte français aléatoire 81;1094
549a7f4d6e010076006b5caf2ce053df98d56917.jpg;Texte français aléatoire 11;825
549a7f4d6e010076006b5caf2ce053df98d56917.jpg;Texte français aléatoire 100;59
549a7f4d6e010076006b5caf2ce053df98d56917.jpg;Texte français aléatoire 10;666
549a7f4d6e010076006b5caf2ce053df98d56917.jpg;Texte français aléatoire 20;726
549a7f4d6e010076006b5caf2ce053df98d56917.jpg;Texte français aléatoire 50;1076
549a7f4d6e010076006b5caf2ce053df98d56917.jpg;Texte français aléatoire 45;510
549a7f4d6e010076006b5caf2ce053df98d56917.jpg;Texte français aléatoire 10;1344
554a533c0c682d8b77405c91be98d8369436f667.jpg;Texte français aléatoire 72;487
579a782f1f06fedf6ec7148be82868483d1626e1.jpg;Texte français aléatoire 31;1132
579a782f1f06fedf6ec7148be82868483d1626e1.jpg;Texte français aléatoire 66;815
579a782f1f06fedf6ec7148be82868483d1626e1.jpg;Texte français aléatoire 18;283
579a782f1f06fedf6ec7148be82868483d1626e1.jpg;Texte français aléatoire 55;588
579a782f1f06fedf6ec7148be82868483d1626e1.jpg;Texte français aléatoire 98;271
5a3c188e165354d9eee9617e31a257e919048b0a.jpg;Texte français aléatoire 78;228
5a3c188e165354d9eee9617e31a257e919048b0a.jpg;Texte français aléatoire 99;550
5a3c188e165354d9eee9617e31a257e919048b0a.jpg;Texte français aléatoire 20;595
5e3b8c4c3112e3de354303106e13a032e8c0997b.jpg;Texte français aléatoire 43;1417
5eb77802b199732f16c4b69fe4ebb81893fd1b57.jpg;Texte français aléatoire 65;1379
5eb77802b199732f16c4b69fe4ebb81893fd1b57.jpg;Texte français aléatoire 91;769
5eb77802b199732f16c4b69fe4ebb81893fd1b57.jpg;Texte français aléatoire 97;1042
5eb77802b199732f16c4b69fe4ebb81893fd1b57.jpg;Texte français aléatoire 34;355
5eb77802b199732f16c4b69fe4ebb81893fd1b57.jpg;Texte français aléatoire 12;505
5ebf309497b8afd4669f8b47f2f3bcdc876ce106.jpg;Texte français aléatoire 14;1024
5ef9b84d88b8b21715fa65294c431867a3441979.jpg;Texte français aléatoire 23;270
5ef9b84d88b8b21715fa65294c431867a3441979.jpg;Texte français aléatoire 18;509
5ef9b84d88b8b21715fa65294c431867a3441979.jpg;Texte français aléatoire 4;1265
5ef9b84d88b8b21715fa65294c431867a3441979.jpg;Texte français aléatoire 5;748
5ef9b84d88b8b21715fa65294c431867a3441979.jpg;Texte français aléatoire 77;1034
5f90ea0d19c390705aa08f01595aabff53ef48bc.jpg;Texte français aléatoire 38;412
5f90ea0d19c390705aa08f01595aabff53ef48bc.jpg;Texte français aléatoire 80;516
5f90ea0d19c390705aa08f01595aabff53ef48bc.jpg;Texte français aléatoire 22;726
5f90ea0d19c390705aa08f01595aabff53ef48bc.jpg;Texte français aléatoire 52;150
5f90ea0d19c390705aa08f01595aabff53ef48bc.jpg;Texte français aléatoire 76;1472
5f90ea0d19c390705aa08f01595aabff53ef48bc.jpg;Texte français aléatoire 83;1105
5f90ea0d19c390705aa08f01595aabff53ef48bc.jpg;Texte français aléatoire 51;1100
5f90ea0d19c390705aa08f01595aabff53ef48bc.jpg;Texte français aléatoire 76;532
601e5ee61513d5b2a712154e04679fa77b4e20dc.jpg;Texte français aléatoire 51;736
601e5ee61513d5b2a712154e04679fa77b4e20dc.jpg;Texte français aléatoire 28;1134
601e5ee61513d5b2a712154e04679fa77b4e20dc.jpg;Texte français aléatoire 74;792
601e5ee61513d5b2a712154e04679fa77b4e20dc.jpg;Texte français aléatoire 91;556
601e5ee61513d5b2a712154e04679fa77b4e20dc.jpg;Texte français aléatoire 36;1337
601e5ee61513d5b2a712154e04679fa77b4e20dc.jpg;Texte français aléatoire 75;1086
601e5ee61513d5b2a712154e04679fa77b4e20dc.jpg;Texte français aléatoire 51;679
601e5ee61513d5b2a712154e04679fa77b4e20dc.jpg;Texte français aléatoire 34;1136
601e5ee61513d5b2a712154e04679fa77b4e20dc.jpg;Texte français aléatoire 86;775
604c2b9f6e3fbf9517bf84cdf9f8585750420915.jpg;Texte français aléatoire 100;114
604c2b9f6e3fbf9517bf84cdf9f8585750420915.jpg;Texte français aléatoire 22;1433
604c2b9f6e3fbf9517bf84cdf9f8585750420915.jpg;Texte français aléatoire 92;732
604c2b9f6e3fbf9517bf84cdf9f8585750420915.jpg;Texte français aléatoire 96;844
604c2b9f6e3fbf9517bf84cdf9f8585750420915.jpg;Texte français aléatoire 44;362
604c2b9f6e3fbf9517bf84cdf9f8585750420915.jpg;Texte français aléatoire 82;578
604c2b9f6e3fbf9517bf84cdf9f8585750420915.jpg;Texte français aléatoire 32;1446
604c2b9f6e3fbf9517bf84cdf9f8585750420915.jpg;Texte français aléatoire 94;845
604c2b9f6e3fbf9517bf84cdf9f8585750420915.jpg;Texte français aléatoire 7;1483
604c2b9f6e3fbf9517bf84cdf9f8585750420915.jpg;Texte français aléatoire 38;143
610df65907a5dc5a57acd8e70a8546050c0f0244.jpg;Texte français aléatoire 52;741
610df65907a5dc5a57acd8e70a8546050c0f0244.jpg;Texte français aléatoire 62;1380
610df65907a5dc5a57acd8e70a8546050c0f0244.jpg;Texte français aléatoire 5;1196
610df65907a5dc5a57acd8e70a8546050c0f0244.jpg;Texte français aléatoire 41;604
610df65907a5dc5a57acd8e70a8546050c0f0244.jpg;Texte français aléatoire 3;1051
610df65907a5dc5a57acd8e70a8546050c0f0244.jpg;Texte français aléatoire 11;1476
610df65907a5dc5a57acd8e70a8546050c0f0244.jpg;Texte français aléatoire 85;441
610df65907a5dc5a57acd8e70a8546050c0f0244.jpg;Texte français aléatoire 7;1005
610df65907a5dc5a57acd8e70a8546050c0f0244.jpg;Texte français aléatoire 66;1456
610df65907a5dc5a57acd8e70a8546050c0f0244.jpg;Texte français aléatoire 76;325
6230fce8a87e9824e537ed6bee203f3e7b14907f.jpg;Texte français aléatoire 37;1399
6230fce8a87e9824e537ed6bee203f3e7b14907f.jpg;Texte français aléatoire 100;948
62bbad980ea2cb86b1d34e9255feac6866b5e33b.jpg;Texte français aléatoire 88;964
62bbad980ea2cb86b1d34e9255feac6866b5e33b.jpg;Texte français aléatoire 17;974
62bbad980ea2cb86b1d34e9255feac6866b5e33b.jpg;Texte français aléatoire 68;69
62bbad980ea2cb86b1d34e9255feac6866b5e33b.jpg;Texte français aléatoire 55;935
62bbad980ea2cb86b1d34e9255feac6866b5e33b.jpg;Texte français aléatoire 5;878
62bbad980ea2cb86b1d34e9255feac6866b5e33b.jpg;Texte français aléatoire 34;1383
62dce556f3bbb0e17374d341fd651b72b49b2e7f.jpg;Texte français aléatoire 51;931
62dce556f3bbb0e17374d341fd651b72b49b2e7f.jpg;Texte français aléatoire 82;408
62dce556f3bbb0e17374d341fd651b72b49b2e7f.jpg;Texte français aléatoire 50;22
65094ecc7f5b36f948cd186ff15af34b310a8c92.jpg;Texte français aléatoire 94;1107
65094ecc7f5b36f948cd186ff15af34b310a8c92.jpg;Texte français aléatoire 87;1352
65094ecc7f5b36f948cd186ff15af34b310a8c92.jpg;Texte français aléatoire 75;232
65094ecc7f5b36f948cd186ff15af34b310a8c92.jpg;Texte français aléatoire 81;800
65094ecc7f5b36f948cd186ff15af34b310a8c92.jpg;Texte français aléatoire 67;1273
65094ecc7f5b36f948cd186ff15af34b310a8c92.jpg;Texte français aléatoire 31;831
6513f4c5b156f8a4a72be55e1a4e02a42e07ca0a.jpg;Texte français aléatoire 76;276
6513f4c5b156f8a4a72be55e1a4e02a42e07ca0a.jpg;Texte français aléatoire 38;1075
6513f4c5b156f8a4a72be55e1a4e02a42e07ca0a.jpg;Texte français aléatoire 16;1050
6513f4c5b156f8a4a72be55e1a4e02a42e07ca0a.jpg;Texte français aléatoire 67;584
6513f4c5b156f8a4a72be55e1a4e02a42e07ca0a.jpg;Texte français aléatoire 82;513
6513f4c5b156f8a4a72be55e1a4e02a42e07ca0a.jpg;Texte français aléatoire 47;50
6513f4c5b156f8a4a72be55e1a4e02a42e07ca0a.jpg;Texte français aléatoire 50;714
6513f4c5b156f8a4a72be55e1a4e02a42e07ca0a.jpg;Texte français aléatoire 46;1124
6513f4c5b156f8a4a72be55e1a4e02a42e07ca0a.jpg;Texte français aléatoire 4;972
6513f4c5b156f8a4a72be55e1a4e02a42e07ca0a.jpg;Texte français aléatoire 70;572
655dbe20f6bb0f89ab9a327bd5ff0cf5a387e0d1.jpg;Texte français aléatoire 68;219
655dbe20f6bb0f89ab9a327bd5ff0cf5a387e0d1.jpg;Texte français aléatoire 85;1217
655dbe20f6bb0f89ab9a327bd5ff0cf5a387e0d1.jpg;Texte français aléatoire 34;172
655dbe20f6bb0f89ab9a327bd5ff0cf5a387e0d1.jpg;Texte français aléatoire 32;60
655dbe20f6bb0f89ab9a327bd5ff0cf5a387e0d1.jpg;Texte français aléatoire 54;1163
655dbe20f6bb0f89ab9a327bd5ff0cf5a387e0d1.jpg;Texte français aléatoire 74;1404
6601cca0779df711e8561af766a2f8bb6ed51089.jpg;Texte français aléatoire 85;767
6601cca0779df711e8561af766a2f8bb6ed51089.jpg;Texte français aléatoire 90;165
6601cca0779df711e8561af766a2f8bb6ed51089.jpg;Texte français aléatoire 63;213
6601cca0779df711e8561af766a2f8bb6ed51089.jpg;Texte français aléatoire 76;406
6601cca0779df711e8561af766a2f8bb6ed51089.jpg;Texte français aléatoire 98;274
6601cca0779df711e8561af766a2f8bb6ed51089.jpg;Texte français aléatoire 64;117
6601cca0779df711e8561af766a2f8bb6ed51089.jpg;Texte français aléatoire 4;1305
6601cca0779df711e8561af766a2f8bb6ed51089.jpg;Texte français aléatoire 84;1453
6745a76e1bcd073742b5b3c4e55faebfef6f3710.jpg;Texte français aléatoire 87;51
6745a76e1bcd073742b5b3c4e55faebfef6f3710.jpg;Texte français aléatoire 65;337
6745a76e1bcd073742b5b3c4e55faebfef6f3710.jpg;Texte français aléatoire 26;1193
6745a76e1bcd073742b5b3c4e55faebfef6f3710.jpg;Texte français aléatoire 87;59
6745a76e1bcd073742b5b3c4e55faebfef6f3710.jpg;Texte français aléatoire 33;324
6745a76e1bcd073742b5b3c4e55faebfef6f3710.jpg;Texte français aléatoire 49;1354
6745a76e1bcd073742b5b3c4e55faebfef6f3710.jpg;Texte français aléatoire 79;1232
6745a76e1bcd073742b5b3c4e55faebfef6f3710.jpg;Texte français aléatoire 19;754
6745a76e1bcd073742b5b3c4e55faebfef6f3710.jpg;Texte français aléatoire 11;749
6745a76e1bcd073742b5b3c4e55faebfef6f3710.jpg;Texte français aléatoire 27;201
6777f73cc2e36ac42407bbfe43de347916e9569e.jpg;Texte français aléatoire 92;850
6777f73cc2e36ac42407bbfe43de347916e9569e.jpg;Texte français aléatoire 65;2
6777f73cc2e36ac42407bbfe43de347916e9569e.jpg;Texte français aléatoire 60;535
68a09e1d6585189a619ed4f2a7dea702dc485415.jpg;Texte français aléatoire 56;702
68a09e1d6585189a619ed4f2a7dea702dc485415.jpg;Texte français aléatoire 84;677
68a09e1d6585189a619ed4f2a7dea702dc485415.jpg;Texte français aléatoire 70;542
68a09e1d6585189a619ed4f2a7dea702dc485415.jpg;Texte français aléatoire 46;1105
68a09e1d6585189a619ed4f2a7dea702dc485415.jpg;Texte français aléatoire 13;1291
68a09e1d6585189a619ed4f2a7dea702dc485415.jpg;Texte français aléatoire 63;1176
68a09e1d6585189a619ed4f2a7dea702dc485415.jpg;Texte français aléatoire 43;296
68a72fdb95b12f74c751e218219ec41892835e74.jpg;Texte français aléatoire 24;13
68a72fdb95b12f74c751e218219ec41892835e74.jpg;Texte français aléatoire 93;312
68a72fdb95b12f74c751e218219ec41892835e74.jpg;Texte français aléatoire 2;22
68a72fdb95b12f74c751e218219ec41892835e74.jpg;Texte français aléatoire 84;107
68a72fdb95b12f74c751e218219ec41892835e74.jpg;Texte français aléatoire 6;1074
68a72fdb95b12f74c751e218219ec41892835e74.jpg;Texte français aléatoire 40;1091
68f745c991813f342a0057bf6757f45588906b6e.jpg;Texte français aléatoire 93;691
68f745c991813f342a0057bf6757f45588906b6e.jpg;Texte français aléatoire 24;908
68f745c991813f342a0057bf6757f45588906b6e.jpg;Texte français aléatoire 20;982
68f745c991813f342a0057bf6757f45588906b6e.jpg;Texte français aléatoire 9;1419
68f745c991813f342a0057bf6757f45588906b6e.jpg;Texte français aléatoire 13;233
68f745c991813f342a0057bf6757f45588906b6e.jpg;Texte français aléatoire 78;1410
68f745c991813f342a0057bf6757f45588906b6e.jpg;Texte français aléatoire 5;418
68f745c991813f342a0057bf6757f45588906b6e.jpg;Texte français aléatoire 60;28
68f745c991813f342a0057bf6757f45588906b6e.jpg;Texte français aléatoire 22;1296
6a168d6630e479417e255d30b62fb6a298c981a3.jpg;Texte français aléatoire 10;616
6a168d6630e479417e255d30b62fb6a298c981a3.jpg;Texte français aléatoire 100;884
6a168d6630e479417e255d30b62fb6a298c981a3.jpg;Texte français aléatoire 19;451
6a4d39f65482dee91cd5f91bae0ea99aba5e5fc9.jpg;Texte français aléatoire 96;761
6a4d39f65482dee91cd5f91bae0ea99aba5e5fc9.jpg;Texte français aléatoire 14;266
6a4d39f65482dee91cd5f91bae0ea99aba5e5fc9.jpg;Texte français aléatoire 53;800
6a4d39f65482dee91cd5f91bae0ea99aba5e5fc9.jpg;Texte français aléatoire 4;19
6a4d39f65482dee91cd5f91bae0ea99aba5e5fc9.jpg;Texte français aléatoire 99;722
6a4d39f65482dee91cd5f91bae0ea99aba5e5fc9.jpg;Texte français aléatoire 14;1471
6a4d39f65482dee91cd5f91bae0ea99aba5e5fc9.jpg;Texte français aléatoire 17;650
6a4d39f65482dee91cd5f91bae0ea99aba5e5fc9.jpg;Texte français aléatoire 35;1397
6a4d39f65482dee91cd5f91bae0ea99aba5e5fc9.jpg;Texte français aléatoire 25;626
6bfb5e3965294c73622dd17fdb8457658bd9a3e8.jpg;Texte français aléatoire 6;198
6bfb5e3965294c73622dd17fdb8457658bd9a3e8.jpg;Texte français aléatoire 89;1108
6bfb5e3965294c73622dd17fdb8457658bd9a3e8.jpg;Texte français aléatoire 99;168
6bfb5e3965294c73622dd17fdb8457658bd9a3e8.jpg;Texte français aléatoire 39;1014
6ce0302a1ca0c833cf66d8910058dbabcbfc89e9.jpg;Texte français aléatoire 11;805
6ce0302a1ca0c833cf66d8910058dbabcbfc89e9.jpg;Texte français aléatoire 2;914
6ce0302a1ca0c833cf66d8910058dbabcbfc89e9.jpg;Texte français aléatoire 69;265
6ce0302a1ca0c833cf66d8910058dbabcbfc89e9.jpg;Texte français aléatoire 13;718
6ce0302a1ca0c833cf66d8910058dbabcbfc89e9.jpg;Texte français aléatoire 46;927
6f44bcb33ceb7a088675f0cfd62b12e09bcc9b45.jpg;Texte français aléatoire 6;1270
6f44bcb33ceb7a088675f0cfd62b12e09bcc9b45.jpg;Texte français aléatoire 50;98
6f44bcb33ceb7a088675f0cfd62b12e09bcc9b45.jpg;Texte français aléatoire 46;643
6f4c43e84dc4bb7511776c82955d6bbe27588274.jpg;Texte français aléatoire 14;1317
6f4c43e84dc4bb7511776c82955d6bbe27588274.jpg;Texte français aléatoire 6;698
6f4c43e84dc4bb7511776c82955d6bbe27588274.jpg;Texte français aléatoire 27;1104
6f4c43e84dc4bb7511776c82955d6bbe27588274.jpg;Texte français aléatoire 11;808
6f4c43e84dc4bb7511776c82955d6bbe27588274.jpg;Texte français aléatoire 6;1089
6f4c43e84dc4bb7511776c82955d6bbe27588274.jpg;Texte français aléatoire 78;851
6f4c43e84dc4bb7511776c82955d6bbe27588274.jpg;Texte français aléatoire 71;837
6f4c43e84dc4bb7511776c82955d6bbe27588274.jpg;Texte français aléatoire 7;178
6f4c43e84dc4bb7511776c82955d6bbe27588274.jpg;Texte français aléatoire 28;1305
703f9d2af3917b93ad2bb66c41dc7944af409655.jpg;Texte français aléatoire 92;1058
703f9d2af3917b93ad2bb66c41dc7944af409655.jpg;Texte français aléatoire 68;1182
703f9d2af3917b93ad2bb66c41dc7944af409655.jpg;Texte français aléatoire 3;495
703f9d2af3917b93ad2bb66c41dc7944af409655.jpg;Texte français aléatoire 89;1024
703f9d2af3917b93ad2bb66c41dc7944af409655.jpg;Texte français aléatoire 39;136
703f9d2af3917b93ad2bb66c41dc7944af409655.jpg;Texte français aléatoire 92;1206
703f9d2af3917b93ad2bb66c41dc7944af409655.jpg;Texte français aléatoire 19;1054
703f9d2af3917b93ad2bb66c41dc7944af409655.jpg;Texte français aléatoire 69;1134
703f9d2af3917b93ad2bb66c41dc7944af409655.jpg;Texte français aléatoire 50;179
7180e2780220148d0a63759edb22e82bd16d2b63.jpg;Texte français aléatoire 95;28
7180e2780220148d0a63759edb22e82bd16d2b63.jpg;Texte français aléatoire 45;1466
7180e2780220148d0a63759edb22e82bd16d2b63.jpg;Texte français aléatoire 40;1086
7180e2780220148d0a63759edb22e82bd16d2b63.jpg;Texte français aléatoire 76;921
7180e2780220148d0a63759edb22e82bd16d2b63.jpg;Texte français aléatoire 19;994
7290ae7b21ada2ff27b6329919ac9850452a33c0.jpg;Texte français aléatoire 39;1384
7290ae7b21ada2ff27b6329919ac9850452a33c0.jpg;Texte français aléatoire 53;637
7290ae7b21ada2ff27b6329919ac9850452a33c0.jpg;Texte français aléatoire 33;1275
73f3524612621b11aab03306ce6d53de3fbe492c.jpg;Texte français aléatoire 72;1300
73f3524612621b11aab03306ce6d53de3fbe492c.jpg;Texte français aléatoire 27;149
73f3524612621b11aab03306ce6d53de3fbe492c.jpg;Texte français aléatoire 43;636
75234215d15d1a65117a3b2487182b02f86cddce.jpg;Texte français aléatoire 99;314
76032237d33b9679954fff9a01ea77657fc684f9.jpg;Texte français aléatoire 10;748
76032237d33b9679954fff9a01ea77657fc684f9.jpg;Texte français aléatoire 89;408
76032237d33b9679954fff9a01ea77657fc684f9.jpg;Texte français aléatoire 83;617
76032237d33b9679954fff9a01ea77657fc684f9.jpg;Texte français aléatoire 13;574
76032237d33b9679954fff9a01ea77657fc684f9.jpg;Texte français aléatoire 26;802
76032237d33b9679954fff9a01ea77657fc684f9.jpg;Texte français aléatoire 70;815
764c8067a4b0cb50bc31992f50b655a050e33383.jpg;Texte français aléatoire 96;32
764c8067a4b0cb50bc31992f50b655a050e33383.jpg;Texte français aléatoire 75;445
783529f5ea51211a1bdd6e92913e295a300c822e.jpg;Texte français aléatoire 61;255
783529f5ea51211a1bdd6e92913e295a300c822e.jpg;Texte français aléatoire 56;31
783529f5ea51211a1bdd6e92913e295a300c822e.jpg;Texte français aléatoire 38;184
783529f5ea51211a1bdd6e92913e295a300c822e.jpg;Texte français aléatoire 73;239
783529f5ea51211a1bdd6e92913e295a300c822e.jpg;Texte français aléatoire 76;1500
783529f5ea51211a1bdd6e92913e295a300c822e.jpg;Texte français aléatoire 65;381
783529f5ea51211a1bdd6e92913e295a300c822e.jpg;Texte français aléatoire 9;1073
783529f5ea51211a1bdd6e92913e295a300c822e.jpg;Texte français aléatoire 29;879
783529f5ea51211a1bdd6e92913e295a300c822e.jpg;Texte français aléatoire 84;590
7f948cd23a40fda3be06e49c2ff56e96430ab763.jpg;Texte français aléatoire 6;1402
7f948cd23a40fda3be06e49c2ff56e96430ab763.jpg;Texte français aléatoire 88;904
7f948cd23a40fda3be06e49c2ff56e96430ab763.jpg;Texte français aléatoire 92;341
7f948cd23a40fda3be06e49c2ff56e96430ab763.jpg;Texte français aléatoire 56;1126
7fb0f5e88276b655db5aed45ba4c2247a8d9b1a6.jpg;Texte français aléatoire 27;1403
7fb0f5e88276b655db5aed45ba4c2247a8d9b1a6.jpg;Texte français aléatoire 76;246
7fb0f5e88276b655db5aed45ba4c2247a8d9b1a6.jpg;Texte français aléatoire 5;995
7fb0f5e88276b655db5aed45ba4c2247a8d9b1a6.jpg;Texte français aléatoire 99;1384
7fb0f5e88276b655db5aed45ba4c2247a8d9b1a6.jpg;Texte français aléatoire 70;814
7fb0f5e88276b655db5aed45ba4c2247a8d9b1a6.jpg;Texte français aléatoire 70;811
804312d54a613c766d501e49884c875847581f45.jpg;Texte français aléatoire 72;81
804312d54a613c766d501e49884c875847581f45.jpg;Texte français aléatoire 79;1157
804312d54a613c766d501e49884c875847581f45.jpg;Texte français aléatoire 52;1200
804312d54a613c766d501e49884c875847581f45.jpg;Texte français aléatoire 33;835
804312d54a613c766d501e49884c875847581f45.jpg;Texte français aléatoire 18;954
80d1565baec47d3f72a59a6ff735c8ee11180b51.jpg;Texte français aléatoire 24;888
80d1565baec47d3f72a59a6ff735c8ee11180b51.jpg;Texte français aléatoire 39;527
80d1565baec47d3f72a59a6ff735c8ee11180b51.jpg;Texte français aléatoire 42;1439
80d1565baec47d3f72a59a6ff735c8ee11180b51.jpg;Texte français aléatoire 35;1046
80d1565baec47d3f72a59a6ff735c8ee11180b51.jpg;Texte français aléatoire 31;1009
80d1565baec47d3f72a59a6ff735c8ee11180b51.jpg;Texte français aléatoire 38;1302
80d1565baec47d3f72a59a6ff735c8ee11180b51.jpg;Texte français aléatoire 69;1077
80d1565baec47d3f72a59a6ff735c8ee11180b51.jpg;Texte français aléatoire 22;1033
80d1565baec47d3f72a59a6ff735c8ee11180b51.jpg;Texte français aléatoire 45;651
813aeea90cc419712b96cc9cc040d5a3282cd885.jpg;Texte français aléatoire 94;460
813aeea90cc419712b96cc9cc040d5a3282cd885.jpg;Texte français aléatoire 18;10
813aeea90cc419712b96cc9cc040d5a3282cd885.jpg;Texte français aléatoire 3;447
813aeea90cc419712b96cc9cc040d5a3282cd885.jpg;Texte français aléatoire 33;1127
863ec035b440e3e7f6f5d392eb14a3e97e43e41e.jpg;Texte français aléatoire 42;1317
863ec035b440e3e7f6f5d392eb14a3e97e43e41e.jpg;Texte français aléatoire 86;138
863ec035b440e3e7f6f5d392eb14a3e97e43e41e.jpg;Texte français aléatoire 33;1475
863ec035b440e3e7f6f5d392eb14a3e97e43e41e.jpg;Texte français aléatoire 85;789
863ec035b440e3e7f6f5d392eb14a3e97e43e41e.jpg;Texte français aléatoire 68;211
863ec035b440e3e7f6f5d392eb14a3e97e43e41e.jpg;Texte français aléatoire 28;1270
863ec035b440e3e7f6f5d392eb14a3e97e43e41e.jpg;Texte français aléatoire 49;963
863ec035b440e3e7f6f5d392eb14a3e97e43e41e.jpg;Texte français aléatoire 52;1143
863ec035b440e3e7f6f5d392eb14a3e97e43e41e.jpg;Texte français aléatoire 86;1041
86f6e20a9d54875beac01dc2c63df3ee96f8cd00.jpg;Texte français aléatoire 53;167
86f6e20a9d54875beac01dc2c63df3ee96f8cd00.jpg;Texte français aléatoire 63;1097
8822b9aa97967cac87c38c561e6f0dfdf35860b0.jpg;Texte français aléatoire 39;1134
8822b9aa97967cac87c38c561e6f0dfdf35860b0.jpg;Texte français aléatoire 40;877
8822b9aa97967cac87c38c561e6f0dfdf35860b0.jpg;Texte français aléatoire 35;847
8822b9aa97967cac87c38c561e6f0dfdf35860b0.jpg;Texte français aléatoire 42;83
8822b9aa97967cac87c38c561e6f0dfdf35860b0.jpg;Texte français aléatoire 58;429
8822b9aa97967cac87c38c561e6f0dfdf35860b0.jpg;Texte français aléatoire 28;1399
8822b9aa97967cac87c38c561e6f0dfdf35860b0.jpg;Texte français aléatoire 36;465
883645e724909fb569391e32d706bc02be6ad629.jpg;Texte français aléatoire 59;50
883645e724909fb569391e32d706bc02be6ad629.jpg;Texte français aléatoire 54;424
883645e724909fb569391e32d706bc02be6ad629.jpg;Texte français aléatoire 87;236
883645e724909fb569391e32d706bc02be6ad629.jpg;Texte français aléatoire 3;893
883645e724909fb569391e32d706bc02be6ad629.jpg;Texte français aléatoire 68;1375
883645e724909fb569391e32d706bc02be6ad629.jpg;Texte français aléatoire 8;143
89b167a338c3ec7aab75f0e12102e992dd822440.jpg;Texte français aléatoire 60;437
89b167a338c3ec7aab75f0e12102e992dd822440.jpg;Texte français aléatoire 10;839
89b167a338c3ec7aab75f0e12102e992dd822440.jpg;Texte français aléatoire 84;673
89b167a338c3ec7aab75f0e12102e992dd822440.jpg;Texte français aléatoire 26;260
89b167a338c3ec7aab75f0e12102e992dd822440.jpg;Texte français aléatoire 60;1261
89b167a338c3ec7aab75f0e12102e992dd822440.jpg;Texte français aléatoire 88;922
89b167a338c3ec7aab75f0e12102e992dd822440.jpg;Texte français aléatoire 21;321
89b167a338c3ec7aab75f0e12102e992dd822440.jpg;Texte français aléatoire 96;725
89b167a338c3ec7aab75f0e12102e992dd822440.jpg;Texte français aléatoire 57;972
89b167a338c3ec7aab75f0e12102e992dd822440.jpg;Texte français aléatoire 66;1467
89d85722252e3d49165febfd7b5ef3c65e28451e.jpg;Texte français aléatoire 7;869
89d85722252e3d49165febfd7b5ef3c65e28451e.jpg;Texte français aléatoire 60;811
89d85722252e3d49165febfd7b5ef3c65e28451e.jpg;Texte français aléatoire 77;90
89d85722252e3d49165febfd7b5ef3c65e28451e.jpg;Texte français aléatoire 82;38
8b1076c753af1a2c471137136c88d105ca8ef862.jpg;Texte français aléatoire 27;1464
8b1076c753af1a2c471137136c88d105ca8ef862.jpg;Texte français aléatoire 83;36
8b1076c753af1a2c471137136c88d105ca8ef862.jpg;Texte français aléatoire 91;432
8b1076c753af1a2c471137136c88d105ca8ef862.jpg;Texte français aléatoire 79;1095
8b1076c753af1a2c471137136c88d105ca8ef862.jpg;Texte français aléatoire 74;478
8b1076c753af1a2c471137136c88d105ca8ef862.jpg;Texte français aléatoire 9;953
8b1076c753af1a2c471137136c88d105ca8ef862.jpg;Texte français aléatoire 67;380
8b1076c753af1a2c471137136c88d105ca8ef862.jpg;Texte français aléatoire 36;365
8b1076c753af1a2c471137136c88d105ca8ef862.jpg;Texte français aléatoire 8;311
8b4cbfe45ef4c05417d74cf78d9c47b759835eab.jpg;Texte français aléatoire 8;1280
8b4cbfe45ef4c05417d74cf78d9c47b759835eab.jpg;Texte français aléatoire 80;520
8b4cbfe45ef4c05417d74cf78d9c47b759835eab.jpg;Texte français aléatoire 58;626
8b4cbfe45ef4c05417d74cf78d9c47b759835eab.jpg;Texte français aléatoire 21;206
8b95f8773f0587a6cd88ece3393a2d764b901654.jpg;Texte français aléatoire 13;1339
8b95f8773f0587a6cd88ece3393a2d764b901654.jpg;Texte français aléatoire 87;50
8b95f8773f0587a6cd88ece3393a2d764b901654.jpg;Texte français aléatoire 42;9
8b95f8773f0587a6cd88ece3393a2d764b901654.jpg;Texte français aléatoire 48;913
8b95f8773f0587a6cd88ece3393a2d764b901654.jpg;Texte français aléatoire 95;731
8b95f8773f0587a6cd88ece3393a2d764b901654.jpg;Texte français aléatoire 39;339
8b95f8773f0587a6cd88ece3393a2d764b901654.jpg;Texte français aléatoire 32;1325
8b95f8773f0587a6cd88ece3393a2d764b901654.jpg;Texte français aléatoire 70;812
8b95f8773f0587a6cd88ece3393a2d764b901654.jpg;Texte français aléatoire 59;13
8d7595308117cb9c938c76b2bcc50827ab277f18.jpg;Texte français aléatoire 77;1389
8d7595308117cb9c938c76b2bcc50827ab277f18.jpg;Texte français aléatoire 15;1261
8d7595308117cb9c938c76b2bcc50827ab277f18.jpg;Texte français aléatoire 95;1445
8d7595308117cb9c938c76b2bcc50827ab277f18.jpg;Texte français aléatoire 59;1244
8d7595308117cb9c938c76b2bcc50827ab277f18.jpg;Texte français aléatoire 46;646
8d7595308117cb9c938c76b2bcc50827ab277f18.jpg;Texte français aléatoire 31;114
8d7595308117cb9c938c76b2bcc50827ab277f18.jpg;Texte français aléatoire 35;213
8d7595308117cb9c938c76b2bcc50827ab277f18.jpg;Texte français aléatoire 38;193
8d7595308117cb9c938c76b2bcc50827ab277f18.jpg;Texte français aléatoire 39;624
8d7595308117cb9c938c76b2bcc50827ab277f18.jpg;Texte français aléatoire 17;1253
8e86e1401741d1e7976b06c400c79d89cbe56f7c.jpg;Texte français aléatoire 57;22
8eb8e9f6d2aab1de2046a8811f6216e423471655.jpg;Texte français aléatoire 71;563
8eb8e9f6d2aab1de2046a8811f6216e423471655.jpg;Texte français aléatoire 20;806
8eb8e9f6d2aab1de2046a8811f6216e423471655.jpg;Texte français aléatoire 40;692
8eb8e9f6d2aab1de2046a8811f6216e423471655.jpg;Texte français aléatoire 100;826
8eb8e9f6d2aab1de2046a8811f6216e423471655.jpg;Texte français aléatoire 12;1333
8eb8e9f6d2aab1de2046a8811f6216e423471655.jpg;Texte français aléatoire 99;642
8eb8e9f6d2aab1de2046a8811f6216e423471655.jpg;Texte français aléatoire 54;1352
8fe88ca363ac22f0f5161fe4423973edfe9bf868.jpg;Texte français aléatoire 90;1486
8fe88ca363ac22f0f5161fe4423973edfe9bf868.jpg;Texte français aléatoire 82;33
8fe88ca363ac22f0f5161fe4423973edfe9bf868.jpg;Texte français aléatoire 30;1444
9196ac260488ea686aa74498f3ca0ded222e5fd4.jpg;Texte français aléatoire 48;176
9196ac260488ea686aa74498f3ca0ded222e5fd4.jpg;Texte français aléatoire 29;186
9196ac260488ea686aa74498f3ca0ded222e5fd4.jpg;Texte français aléatoire 95;224
9196ac260488ea686aa74498f3ca0ded222e5fd4.jpg;Texte français aléatoire 56;893
91a479444b6e04aca6d24ed2791e8c798bf63c6e.jpg;Texte français aléatoire 95;625
91a479444b6e04aca6d24ed2791e8c798bf63c6e.jpg;Texte français aléatoire 91;1000
91a479444b6e04aca6d24ed2791e8c798bf63c6e.jpg;Texte français aléatoire 9;270
91a479444b6e04aca6d24ed2791e8c798bf63c6e.jpg;Texte français aléatoire 7;1035
91a479444b6e04aca6d24ed2791e8c798bf63c6e.jpg;Texte français aléatoire 3;1238
91a479444b6e04aca6d24ed2791e8c798bf63c6e.jpg;Texte français aléatoire 18;758
91a479444b6e04aca6d24ed2791e8c798bf63c6e.jpg;Texte français aléatoire 4;1101
91a479444b6e04aca6d24ed2791e8c798bf63c6e.jpg;Texte français aléatoire 83;1479
91e7c6a56f33f2f05daa99c3c1c86233932bf3aa.jpg;Texte français aléatoire 40;10
91e7c6a56f33f2f05daa99c3c1c86233932bf3aa.jpg;Texte français aléatoire 92;1291
91e7c6a56f33f2f05daa99c3c1c86233932bf3aa.jpg;Texte français aléatoire 95;889
9221d097f2b442582041c4fa5c80358b4ca85d3b.jpg;Texte français aléatoire 71;779
9221d097f2b442582041c4fa5c80358b4ca85d3b.jpg;Texte français aléatoire 4;692
9221d097f2b442582041c4fa5c80358b4ca85d3b.jpg;Texte français aléatoire 74;454
9221d097f2b442582041c4fa5c80358b4ca85d3b.jpg;Texte français aléatoire 82;955
9221d097f2b442582041c4fa5c80358b4ca85d3b.jpg;Texte français aléatoire 87;84
93d3fa85802a074154eac080b539b2df8206d5ea.jpg;Texte français aléatoire 70;162
93d3fa85802a074154eac080b539b2df8206d5ea.jpg;Texte français aléatoire 47;883
93d3fa85802a074154eac080b539b2df8206d5ea.jpg;Texte français aléatoire 96;492
93d3fa85802a074154eac080b539b2df8206d5ea.jpg;Texte français aléatoire 87;931
93d3fa85802a074154eac080b539b2df8206d5ea.jpg;Texte français aléatoire 31;1175
93d3fa85802a074154eac080b539b2df8206d5ea.jpg;Texte français aléatoire 32;511
93d3fa85802a074154eac080b539b2df8206d5ea.jpg;Texte français aléatoire 10;334
93d3fa85802a074154eac080b539b2df8206d5ea.jpg;Texte français aléatoire 61;874
93d3fa85802a074154eac080b539b2df8206d5ea.jpg;Texte français aléatoire 90;508
95f7930ce0fa80a3b56a197992153d5450143027.jpg;Texte français aléatoire 10;1234
95f7930ce0fa80a3b56a197992153d5450143027.jpg;Texte français aléatoire 3;1078
98a97771f15d82e230a1fc40c6f388d409071259.jpg;Texte français aléatoire 100;981
98a97771f15d82e230a1fc40c6f388d409071259.jpg;Texte français aléatoire 44;167
98a97771f15d82e230a1fc40c6f388d409071259.jpg;Texte français aléatoire 45;232
98a97771f15d82e230a1fc40c6f388d409071259.jpg;Texte français aléatoire 20;183
98a97771f15d82e230a1fc40c6f388d409071259.jpg;Texte français aléatoire 6;1115
98a97771f15d82e230a1fc40c6f388d409071259.jpg;Texte français aléatoire 51;380
98a97771f15d82e230a1fc40c6f388d409071259.jpg;Texte français aléatoire 40;1195
98a97771f15d82e230a1fc40c6f388d409071259.jpg;Texte français aléatoire 22;1414
98e9d0bda268441dbd4b341a1a38c090aad8d211.jpg;Texte français aléatoire 78;571
98e9d0bda268441dbd4b341a1a38c090aad8d211.jpg;Texte français aléatoire 28;309
98e9d0bda268441dbd4b341a1a38c090aad8d211.jpg;Texte français aléatoire 15;1420
98e9d0bda268441dbd4b341a1a38c090aad8d211.jpg;Texte français aléatoire 35;1147
98e9d0bda268441dbd4b341a1a38c090aad8d211.jpg;Texte français aléatoire 85;1370
98e9d0bda268441dbd4b341a1a38c090aad8d211.jpg;Texte français aléatoire 2;150
98e9d0bda268441dbd4b341a1a38c090aad8d211.jpg;Texte français aléatoire 72;1412
98e9d0bda268441dbd4b341a1a38c090aad8d211.jpg;Texte français aléatoire 26;16
98e9d0bda268441dbd4b341a1a38c090aad8d211.jpg;Texte français aléatoire 51;586
98e9d0bda268441dbd4b341a1a38c090aad8d211.jpg;Texte français aléatoire 70;880
9951827429c3734194f72404b30dba79465f4b44.jpg;Texte français aléatoire 86;243
9951827429c3734194f72404b30dba79465f4b44.jpg;Texte français aléatoire 7;347
9951827429c3734194f72404b30dba79465f4b44.jpg;Texte français aléatoire 81;793
9951827429c3734194f72404b30dba79465f4b44.jpg;Texte français aléatoire 78;125
9951827429c3734194f72404b30dba79465f4b44.jpg;Texte français aléatoire 22;1260
9951827429c3734194f72404b30dba79465f4b44.jpg;Texte français aléatoire 63;1101
9951827429c3734194f72404b30dba79465f4b44.jpg;Texte français aléatoire 72;1353
9951827429c3734194f72404b30dba79465f4b44.jpg;Texte français aléatoire 14;154
9951827429c3734194f72404b30dba79465f4b44.jpg;Texte français aléatoire 74;1318
99fa1b0077be088f7ce07bb5551f0d493243feff.jpg;Texte français aléatoire 1;1377
99fa1b0077be088f7ce07bb5551f0d493243feff.jpg;Texte français aléatoire 41;484
99fa1b0077be088f7ce07bb5551f0d493243feff.jpg;Texte français aléatoire 33;1297
9a01da96e4fdde31ea8795d8ebeb6f7407483d79.jpg;Texte français aléatoire 61;1461
9a01da96e4fdde31ea8795d8ebeb6f7407483d79.jpg;Texte français aléatoire 31;152
9a01da96e4fdde31ea8795d8ebeb6f7407483d79.jpg;Texte français aléatoire 41;1057
9a01da96e4fdde31ea8795d8ebeb6f7407483d79.jpg;Texte français aléatoire 49;1319
9a01da96e4fdde31ea8795d8ebeb6f7407483d79.jpg;Texte français aléatoire 99;763
9a01da96e4fdde31ea8795d8ebeb6f7407483d79.jpg;Texte français aléatoire 18;347
9a01da96e4fdde31ea8795d8ebeb6f7407483d79.jpg;Texte français aléatoire 67;44
9b350137055024f270342e8857ecca33ab070fd6.jpg;Texte français aléatoire 86;470
9b350137055024f270342e8857ecca33ab070fd6.jpg;Texte français aléatoire 98;968
9b350137055024f270342e8857ecca33ab070fd6.jpg;Texte français aléatoire 77;604
9be36660d0ebb40b16255c915f86558d9cb4f53b.jpg;Texte français aléatoire 9;832
9be36660d0ebb40b16255c915f86558d9cb4f53b.jpg;Texte français aléatoire 59;532
9d0a79c468594f8c977608643cddbba9da991c98.jpg;Texte français aléatoire 53;1130
9d0a79c468594f8c977608643cddbba9da991c98.jpg;Texte français aléatoire 55;653
9d0a79c468594f8c977608643cddbba9da991c98.jpg;Texte français aléatoire 38;234
9d0a79c468594f8c977608643cddbba9da991c98.jpg;Texte français aléatoire 76;1120
9d0a79c468594f8c977608643cddbba9da991c98.jpg;Texte français aléatoire 17;325
9d0a79c468594f8c977608643cddbba9da991c98.jpg;Texte français aléatoire 38;269
9d0a79c468594f8c977608643cddbba9da991c98.jpg;Texte français aléatoire 15;1151
9d0a79c468594f8c977608643cddbba9da991c98.jpg;Texte français aléatoire 1;913
9dce19aebf0a846a75ad6cb87fb1774d1e671150.jpg;Texte français aléatoire 55;1462
9dce19aebf0a846a75ad6cb87fb1774d1e671150.jpg;Texte français aléatoire 69;1083
9dce19aebf0a846a75ad6cb87fb1774d1e671150.jpg;Texte français aléatoire 70;1058
9eb2b8687202743edef5472287fa9dee8be02f78.jpg;Texte français aléatoire 27;1345
9eb2b8687202743edef5472287fa9dee8be02f78.jpg;Texte français aléatoire 76;193
9eb2b8687202743edef5472287fa9dee8be02f78.jpg;Texte français aléatoire 46;831
9eb2b8687202743edef5472287fa9dee8be02f78.jpg;Texte français aléatoire 36;290
9eb2b8687202743edef5472287fa9dee8be02f78.jpg;Texte français aléatoire 29;95
9eb2b8687202743edef5472287fa9dee8be02f78.jpg;Texte français aléatoire 80;781
9eb2b8687202743edef5472287fa9dee8be02f78.jpg;Texte français aléatoire 74;334
9eb2b8687202743edef5472287fa9dee8be02f78.jpg;Texte français aléatoire 3;1214
9ec021674582b1a4e6139e3b6e30889ec2914c0f.jpg;Texte français aléatoire 57;697
9ec021674582b1a4e6139e3b6e30889ec2914c0f.jpg;Texte français aléatoire 47;1114
9ec021674582b1a4e6139e3b6e30889ec2914c0f.jpg;Texte français aléatoire 94;1243
9ec021674582b1a4e6139e3b6e30889ec2914c0f.jpg;Texte français aléatoire 40;423
9ec021674582b1a4e6139e3b6e30889ec2914c0f.jpg;Texte français aléatoire 64;673
9ec021674582b1a4e6139e3b6e30889ec2914c0f.jpg;Texte français aléatoire 98;60
9ec021674582b1a4e6139e3b6e30889ec2914c0f.jpg;Texte français aléatoire 57;73
9f07e2e0faeb696c65081af1342e4da5bafed547.jpg;Texte français aléatoire 95;664
9f07e2e0faeb696c65081af1342e4da5bafed547.jpg;Texte français aléatoire 11;240
9f6466c0558c6e62d8c06ccdc30fd40c5822cef5.jpg;Texte français aléatoire 69;790
9f6466c0558c6e62d8c06ccdc30fd40c5822cef5.jpg;Texte français aléatoire 48;1306
a14063244724ca64819f21f064f488ccd79d7ff3.jpg;Texte français aléatoire 76;16
a14063244724ca64819f21f064f488ccd79d7ff3.jpg;Texte français aléatoire 71;471
a14063244724ca64819f21f064f488ccd79d7ff3.jpg;Texte français aléatoire 13;97
a14063244724ca64819f21f064f488ccd79d7ff3.jpg;Texte français aléatoire 10;1486
a14063244724ca64819f21f064f488ccd79d7ff3.jpg;Texte français aléatoire 95;520
a14063244724ca64819f21f064f488ccd79d7ff3.jpg;Texte français aléatoire 25;1434
a14063244724ca64819f21f064f488ccd79d7ff3.jpg;Texte français aléatoire 31;1132
a14063244724ca64819f21f064f488ccd79d7ff3.jpg;Texte français aléatoire 93;663
a1c4f0d5d8e62650f1456ee3421f7eb4f06a584f.jpg;Texte français aléatoire 92;241
a1c4f0d5d8e62650f1456ee3421f7eb4f06a584f.jpg;Texte français aléatoire 76;47
a1c4f0d5d8e62650f1456ee3421f7eb4f06a584f.jpg;Texte français aléatoire 79;1055
a1c4f0d5d8e62650f1456ee3421f7eb4f06a584f.jpg;Texte français aléatoire 5;551
a2be6f53d88ba2e4affd30426c164ddc160be041.jpg;Texte français aléatoire 38;1061
a2be6f53d88ba2e4affd30426c164ddc160be041.jpg;Texte français aléatoire 18;449
a2be6f53d88ba2e4affd30426c164ddc160be041.jpg;Texte français aléatoire 19;1082
a2be6f53d88ba2e4affd30426c164ddc160be041.jpg;Texte français aléatoire 93;872
a2be6f53d88ba2e4affd30426c164ddc160be041.jpg;Texte français aléatoire 84;1141
a2be6f53d88ba2e4affd30426c164ddc160be041.jpg;Texte français aléatoire 31;639
a32a22cd8d7299a87431b057f76e893079484507.jpg;Texte français aléatoire 26;2
a32a22cd8d7299a87431b057f76e893079484507.jpg;Texte français aléatoire 73;1424
a32a22cd8d7299a87431b057f76e893079484507.jpg;Texte français aléatoire 76;579
a32a22cd8d7299a87431b057f76e893079484507.jpg;Texte français aléatoire 76;782
a32a22cd8d7299a87431b057f76e893079484507.jpg;Texte français aléatoire 41;615
a32a22cd8d7299a87431b057f76e893079484507.jpg;Texte français aléatoire 41;1329
a32a22cd8d7299a87431b057f76e893079484507.jpg;Texte français aléatoire 71;1477
a32a22cd8d7299a87431b057f76e893079484507.jpg;Texte français aléatoire 45;1465
a32a22cd8d7299a87431b057f76e893079484507.jpg;Texte français aléatoire 62;911
a32a22cd8d7299a87431b057f76e893079484507.jpg;Texte français aléatoire 75;699
a4d30c7276ef887a993de096214ac4e040a25aaf.jpg;Texte français aléatoire 16;959
a4d30c7276ef887a993de096214ac4e040a25aaf.jpg;Texte français aléatoire 56;124
a4d30c7276ef887a993de096214ac4e040a25aaf.jpg;Texte français aléatoire 80;803
a4d30c7276ef887a993de096214ac4e040a25aaf.jpg;Texte français aléatoire 26;17
a4d30c7276ef887a993de096214ac4e040a25aaf.jpg;Texte français aléatoire 87;149
a4d30c7276ef887a993de096214ac4e040a25aaf.jpg;Texte français aléatoire 53;1162
a4d30c7276ef887a993de096214ac4e040a25aaf.jpg;Texte français aléatoire 2;5
a5e2c63bd31169c987e6dda175d91f88682cc4f4.jpg;Texte français aléatoire 76;954
a5e2c63bd31169c987e6dda175d91f88682cc4f4.jpg;Texte français aléatoire 41;594
a5e2c63bd31169c987e6dda175d91f88682cc4f4.jpg;Texte français aléatoire 90;353
a5e2c63bd31169c987e6dda175d91f88682cc4f4.jpg;Texte français aléatoire 89;466
a5e2c63bd31169c987e6dda175d91f88682cc4f4.jpg;Texte français aléatoire 84;184
a6ff642278f7bab79c2dab3b377f39ae1ae9b75e.jpg;Texte français aléatoire 99;1428
a6ff642278f7bab79c2dab3b377f39ae1ae9b75e.jpg;Texte français aléatoire 17;1444
a76d0929e1c9fade5a34595d919d65bfc03e8489.png;Texte français aléatoire 20;115
a76d0929e1c9fade5a34595d919d65bfc03e8489.png;Texte français aléatoire 79;495
a76d0929e1c9fade5a34595d919d65bfc03e8489.png;Texte français aléatoire 4;1083
a84ef20e228901d9d706cb56d8370e9680f25c25.jpg;Texte français aléatoire 95;494
a84ef20e228901d9d706cb56d8370e9680f25c25.jpg;Texte français aléatoire 17;811
a84ef20e228901d9d706cb56d8370e9680f25c25.jpg;Texte français aléatoire 73;337
a84ef20e228901d9d706cb56d8370e9680f25c25.jpg;Texte français aléatoire 51;154
a84ef20e228901d9d706cb56d8370e9680f25c25.jpg;Texte français aléatoire 38;42
a84ef20e228901d9d706cb56d8370e9680f25c25.jpg;Texte français aléatoire 39;156
a84ef20e228901d9d706cb56d8370e9680f25c25.jpg;Texte français aléatoire 23;1039
a84ef20e228901d9d706cb56d8370e9680f25c25.jpg;Texte français aléatoire 33;1139
a84ef20e228901d9d706cb56d8370e9680f25c25.jpg;Texte français aléatoire 72;45
a84ef20e228901d9d706cb56d8370e9680f25c25.jpg;Texte français aléatoire 74;1126
a85f6a7ada2bb2f6a1f6bddd713cff615aea3517.png;Texte français aléatoire 16;658
a85f6a7ada2bb2f6a1f6bddd713cff615aea3517.png;Texte français aléatoire 73;818
a85f6a7ada2bb2f6a1f6bddd713cff615aea3517.png;Texte français aléatoire 56;972
a85f6a7ada2bb2f6a1f6bddd713cff615aea3517.png;Texte français aléatoire 46;862
a85f6a7ada2bb2f6a1f6bddd713cff615aea3517.png;Texte français aléatoire 57;424
a85f6a7ada2bb2f6a1f6bddd713cff615aea3517.png;Texte français aléatoire 2;525
a85f6a7ada2bb2f6a1f6bddd713cff615aea3517.png;Texte français aléatoire 73;1068
a85f6a7ada2bb2f6a1f6bddd713cff615aea3517.png;Texte français aléatoire 6;161
a85f6a7ada2bb2f6a1f6bddd713cff615aea3517.png;Texte français aléatoire 92;338
a85f6a7ada2bb2f6a1f6bddd713cff615aea3517.png;Texte français aléatoire 24;361
a8ff095ce459389b87acd808704f9d74ed0239e6.jpg;Texte français aléatoire 38;1024
a8ff095ce459389b87acd808704f9d74ed0239e6.jpg;Texte français aléatoire 26;1017
a8ff095ce459389b87acd808704f9d74ed0239e6.jpg;Texte français aléatoire 83;485
a8ff095ce459389b87acd808704f9d74ed0239e6.jpg;Texte français aléatoire 42;929
a8ff095ce459389b87acd808704f9d74ed0239e6.jpg;Texte français aléatoire 98;1174
a8ff095ce459389b87acd808704f9d74ed0239e6.jpg;Texte français aléatoire 12;576
a8ff095ce459389b87acd808704f9d74ed0239e6.jpg;Texte français aléatoire 100;671
a8ff095ce459389b87acd808704f9d74ed0239e6.jpg;Texte français aléatoire 16;480
a8ff095ce459389b87acd808704f9d74ed0239e6.jpg;Texte français aléatoire 81;586
a8ff095ce459389b87acd808704f9d74ed0239e6.jpg;Texte français aléatoire 19;407
a94738a2aae3fb4262a56d9b162fdd9245810ee5.jpg;Texte français aléatoire 71;1275
a94738a2aae3fb4262a56d9b162fdd9245810ee5.jpg;Texte français aléatoire 88;1008
a94738a2aae3fb4262a56d9b162fdd9245810ee5.jpg;Texte français aléatoire 41;987
a94738a2aae3fb4262a56d9b162fdd9245810ee5.jpg;Texte français aléatoire 15;1323
a94738a2aae3fb4262a56d9b162fdd9245810ee5.jpg;Texte français aléatoire 9;778
a94738a2aae3fb4262a56d9b162fdd9245810ee5.jpg;Texte français aléatoire 74;500
a94738a2aae3fb4262a56d9b162fdd9245810ee5.jpg;Texte français aléatoire 11;1389
a94738a2aae3fb4262a56d9b162fdd9245810ee5.jpg;Texte français aléatoire 61;389
a9e2c25f09e6761be8f65563eb53e767d2465d82.jpg;Texte français aléatoire 91;825
a9e2c25f09e6761be8f65563eb53e767d2465d82.jpg;Texte français aléatoire 80;1226
a9e2c25f09e6761be8f65563eb53e767d2465d82.jpg;Texte français aléatoire 93;548
a9e2c25f09e6761be8f65563eb53e767d2465d82.jpg;Texte français aléatoire 59;1031
ab7d0c681cfa7fbd45411c9a8f67462bfb1651a6.jpg;Texte français aléatoire 37;1482
ab7d0c681cfa7fbd45411c9a8f67462bfb1651a6.jpg;Texte français aléatoire 66;325
ab7d0c681cfa7fbd45411c9a8f67462bfb1651a6.jpg;Texte français aléatoire 69;152
ab7d0c681cfa7fbd45411c9a8f67462bfb1651a6.jpg;Texte français aléatoire 25;224
ab7d0c681cfa7fbd45411c9a8f67462bfb1651a6.jpg;Texte français aléatoire 21;938
abcff9a35a0c887b836a2d040501b2047b638a11.jpg;Texte français aléatoire 85;1478
abcff9a35a0c887b836a2d040501b2047b638a11.jpg;Texte français aléatoire 51;611
abcff9a35a0c887b836a2d040501b2047b638a11.jpg;Texte français aléatoire 91;1274
abcff9a35a0c887b836a2d040501b2047b638a11.jpg;Texte français aléatoire 32;409
abcff9a35a0c887b836a2d040501b2047b638a11.jpg;Texte français aléatoire 90;997
abcff9a35a0c887b836a2d040501b2047b638a11.jpg;Texte français aléatoire 100;441
abcff9a35a0c887b836a2d040501b2047b638a11.jpg;Texte français aléatoire 2;94
abcff9a35a0c887b836a2d040501b2047b638a11.jpg;Texte français aléatoire 92;953
abcff9a35a0c887b836a2d040501b2047b638a11.jpg;Texte français aléatoire 21;1257
abcff9a35a0c887b836a2d040501b2047b638a11.jpg;Texte français aléatoire 77;717
ad4dcff8b338440b74adf6f63c851fcc7f2d9d13.jpg;Texte français aléatoire 74;1240
ad4dcff8b338440b74adf6f63c851fcc7f2d9d13.jpg;Texte français aléatoire 7;765
ad4dcff8b338440b74adf6f63c851fcc7f2d9d13.jpg;Texte français aléatoire 73;460
ad4dcff8b338440b74adf6f63c851fcc7f2d9d13.jpg;Texte français aléatoire 69;1381
ad4dcff8b338440b74adf6f63c851fcc7f2d9d13.jpg;Texte français aléatoire 63;211
ad4dcff8b338440b74adf6f63c851fcc7f2d9d13.jpg;Texte français aléatoire 20;956
ad4dcff8b338440b74adf6f63c851fcc7f2d9d13.jpg;Texte français aléatoire 19;603
b182a91d0ee307af61c87a46c1cb9a503adc63f0.jpg;Texte français aléatoire 91;924
b182a91d0ee307af61c87a46c1cb9a503adc63f0.jpg;Texte français aléatoire 92;388
b182a91d0ee307af61c87a46c1cb9a503adc63f0.jpg;Texte français aléatoire 55;283
b182a91d0ee307af61c87a46c1cb9a503adc63f0.jpg;Texte français aléatoire 51;1277
b182a91d0ee307af61c87a46c1cb9a503adc63f0.jpg;Texte français aléatoire 86;1258
b182a91d0ee307af61c87a46c1cb9a503adc63f0.jpg;Texte français aléatoire 64;345
b182a91d0ee307af61c87a46c1cb9a503adc63f0.jpg;Texte français aléatoire 48;239
b182a91d0ee307af61c87a46c1cb9a503adc63f0.jpg;Texte français aléatoire 86;248
b182a91d0ee307af61c87a46c1cb9a503adc63f0.jpg;Texte français aléatoire 85;658
b3eeb98c76ca0f7dae113bc76ea2bf651ea1b172.jpg;Texte français aléatoire 40;838
b3eeb98c76ca0f7dae113bc76ea2bf651ea1b172.jpg;Texte français aléatoire 12;357
b3eeb98c76ca0f7dae113bc76ea2bf651ea1b172.jpg;Texte français aléatoire 50;659
b3eeb98c76ca0f7dae113bc76ea2bf651ea1b172.jpg;Texte français aléatoire 80;904
b3eeb98c76ca0f7dae113bc76ea2bf651ea1b172.jpg;Texte français aléatoire 56;1212
b3eeb98c76ca0f7dae113bc76ea2bf651ea1b172.jpg;Texte français aléatoire 41;836
b3eeb98c76ca0f7dae113bc76ea2bf651ea1b172.jpg;Texte français aléatoire 81;381
b3eeb98c76ca0f7dae113bc76ea2bf651ea1b172.jpg;Texte français aléatoire 23;966
b3eeb98c76ca0f7dae113bc76ea2bf651ea1b172.jpg;Texte français aléatoire 47;449
b3eeb98c76ca0f7dae113bc76ea2bf651ea1b172.jpg;Texte français aléatoire 25;645
b5947a91b2a266642be1fe84286b1f5ff33c4b4e.jpg;Texte français aléatoire 91;417
b5947a91b2a266642be1fe84286b1f5ff33c4b4e.jpg;Texte français aléatoire 19;973
b5947a91b2a266642be1fe84286b1f5ff33c4b4e.jpg;Texte français aléatoire 49;427
b5947a91b2a266642be1fe84286b1f5ff33c4b4e.jpg;Texte français aléatoire 60;35
b5947a91b2a266642be1fe84286b1f5ff33c4b4e.jpg;Texte français aléatoire 45;544
b5947a91b2a266642be1fe84286b1f5ff33c4b4e.jpg;Texte français aléatoire 61;423
b7638240f2b13646ab99abbad65e4153ab5a5f9f.jpg;Texte français aléatoire 60;143
b7638240f2b13646ab99abbad65e4153ab5a5f9f.jpg;Texte français aléatoire 83;1011
b7638240f2b13646ab99abbad65e4153ab5a5f9f.jpg;Texte français aléatoire 26;1249
b7638240f2b13646ab99abbad65e4153ab5a5f9f.jpg;Texte français aléatoire 58;174
b7638240f2b13646ab99abbad65e4153ab5a5f9f.jpg;Texte français aléatoire 88;340
b7638240f2b13646ab99abbad65e4153ab5a5f9f.jpg;Texte français aléatoire 6;899
b7638240f2b13646ab99abbad65e4153ab5a5f9f.jpg;Texte français aléatoire 92;1347
b7638240f2b13646ab99abbad65e4153ab5a5f9f.jpg;Texte français aléatoire 97;656
b7638240f2b13646ab99abbad65e4153ab5a5f9f.jpg;Texte français aléatoire 89;196
b7638240f2b13646ab99abbad65e4153ab5a5f9f.jpg;Texte français aléatoire 39;394
b775171b88725614e2389511ea4485e593eb543c.jpg;Texte français aléatoire 25;1246
b775171b88725614e2389511ea4485e593eb543c.jpg;Texte français aléatoire 98;1357
b775171b88725614e2389511ea4485e593eb543c.jpg;Texte français aléatoire 47;24
b775171b88725614e2389511ea4485e593eb543c.jpg;Texte français aléatoire 34;667
b775171b88725614e2389511ea4485e593eb543c.jpg;Texte français aléatoire 2;19
bb4b9c0de54fe705096098d5efa3ed60c9f8f251.jpg;Texte français aléatoire 55;1077
bb4b9c0de54fe705096098d5efa3ed60c9f8f251.jpg;Texte français aléatoire 57;143
bb4b9c0de54fe705096098d5efa3ed60c9f8f251.jpg;Texte français aléatoire 85;199
bb4b9c0de54fe705096098d5efa3ed60c9f8f251.jpg;Texte français aléatoire 30;731
bb4b9c0de54fe705096098d5efa3ed60c9f8f251.jpg;Texte français aléatoire 40;1210
bb7cacd0c7cdf9a6471a5814c9750be5333cc3ab.jpg;Texte français aléatoire 23;936
bb7cacd0c7cdf9a6471a5814c9750be5333cc3ab.jpg;Texte français aléatoire 91;837
bb9ac656b67f2c03eec31f6346a7ca2d0de28702.jpg;Texte français aléatoire 22;487
bb9ac656b67f2c03eec31f6346a7ca2d0de28702.jpg;Texte français aléatoire 53;1271
bb9ac656b67f2c03eec31f6346a7ca2d0de28702.jpg;Texte français aléatoire 48;341
bb9ac656b67f2c03eec31f6346a7ca2d0de28702.jpg;Texte français aléatoire 31;1072
bca115775fce5eed9e6dddd54145209c40fb5f54.jpg;Texte français aléatoire 51;764
bca115775fce5eed9e6dddd54145209c40fb5f54.jpg;Texte français aléatoire 48;419
bca115775fce5eed9e6dddd54145209c40fb5f54.jpg;Texte français aléatoire 4;1292
bca115775fce5eed9e6dddd54145209c40fb5f54.jpg;Texte français aléatoire 88;1441
bca115775fce5eed9e6dddd54145209c40fb5f54.jpg;Texte français aléatoire 29;559
bca115775fce5eed9e6dddd54145209c40fb5f54.jpg;Texte français aléatoire 81;759
bca115775fce5eed9e6dddd54145209c40fb5f54.jpg;Texte français aléatoire 3;1330
bca115775fce5eed9e6dddd54145209c40fb5f54.jpg;Texte français aléatoire 41;667
bca115775fce5eed9e6dddd54145209c40fb5f54.jpg;Texte français aléatoire 42;1407
bca115775fce5eed9e6dddd54145209c40fb5f54.jpg;Texte français aléatoire 11;1130
bcc1149eb60cb17b415cd4fa8c2c13d1c9b61121.jpg;Texte français aléatoire 70;420
bcc1149eb60cb17b415cd4fa8c2c13d1c9b61121.jpg;Texte français aléatoire 18;23
bcc1149eb60cb17b415cd4fa8c2c13d1c9b61121.jpg;Texte français aléatoire 56;555
bd9b3387fd62ba897ecee8701343694f1a4a0e47.jpg;Texte français aléatoire 92;298
bd9b3387fd62ba897ecee8701343694f1a4a0e47.jpg;Texte français aléatoire 88;1439
bd9b3387fd62ba897ecee8701343694f1a4a0e47.jpg;Texte français aléatoire 8;1116
c0c8f704def69d3b8829e56e18b4055b085e501f.jpg;Texte français aléatoire 22;158
c0c8f704def69d3b8829e56e18b4055b085e501f.jpg;Texte français aléatoire 32;693
c0c8f704def69d3b8829e56e18b4055b085e501f.jpg;Texte français aléatoire 25;1304
c0c8f704def69d3b8829e56e18b4055b085e501f.jpg;Texte français aléatoire 32;76
c0c8f704def69d3b8829e56e18b4055b085e501f.jpg;Texte français aléatoire 90;472
c0c8f704def69d3b8829e56e18b4055b085e501f.jpg;Texte français aléatoire 81;1158
c0c8f704def69d3b8829e56e18b4055b085e501f.jpg;Texte français aléatoire 30;397
c612479dacec8e492b43fea9b5615b177a950847.jpg;Texte français aléatoire 79;1364
c612479dacec8e492b43fea9b5615b177a950847.jpg;Texte français aléatoire 50;337
c612479dacec8e492b43fea9b5615b177a950847.jpg;Texte français aléatoire 26;292
c612479dacec8e492b43fea9b5615b177a950847.jpg;Texte français aléatoire 41;973
c612479dacec8e492b43fea9b5615b177a950847.jpg;Texte français aléatoire 1;332
c66b871e64b0e237985a78d93508b4d3a498cfbb.jpg;Texte français aléatoire 96;811
c66b871e64b0e237985a78d93508b4d3a498cfbb.jpg;Texte français aléatoire 87;1000
c66b871e64b0e237985a78d93508b4d3a498cfbb.jpg;Texte français aléatoire 58;1249
c66b871e64b0e237985a78d93508b4d3a498cfbb.jpg;Texte français aléatoire 3;1259
c6db648919cc95d2718dc8ba86db607f8638db40.jpg;Texte français aléatoire 69;1148
c6db648919cc95d2718dc8ba86db607f8638db40.jpg;Texte français aléatoire 6;665
c6db648919cc95d2718dc8ba86db607f8638db40.jpg;Texte français aléatoire 52;488
c77b36eddcdccadad2b836a2b142ba40a0961c67.jpg;Texte français aléatoire 61;108
c77b36eddcdccadad2b836a2b142ba40a0961c67.jpg;Texte français aléatoire 53;107
c85f16bbcfde2bbcdab19d68765968075c69537b.jpg;Texte français aléatoire 16;315
c85f16bbcfde2bbcdab19d68765968075c69537b.jpg;Texte français aléatoire 17;507
c85f16bbcfde2bbcdab19d68765968075c69537b.jpg;Texte français aléatoire 67;149
c85f16bbcfde2bbcdab19d68765968075c69537b.jpg;Texte français aléatoire 99;1390
c930f98910ae7412d2759ce1b2c6e9892b3340f1.jpg;Texte français aléatoire 77;722
c930f98910ae7412d2759ce1b2c6e9892b3340f1.jpg;Texte français aléatoire 26;1136
c930f98910ae7412d2759ce1b2c6e9892b3340f1.jpg;Texte français aléatoire 80;181
c930f98910ae7412d2759ce1b2c6e9892b3340f1.jpg;Texte français aléatoire 51;1016
c930f98910ae7412d2759ce1b2c6e9892b3340f1.jpg;Texte français aléatoire 48;756
c930f98910ae7412d2759ce1b2c6e9892b3340f1.jpg;Texte français aléatoire 31;918
c930f98910ae7412d2759ce1b2c6e9892b3340f1.jpg;Texte français aléatoire 56;620
cb2c573288bec31c937fa437fd2c887b5df95393.jpg;Texte français aléatoire 57;297
cb2c573288bec31c937fa437fd2c887b5df95393.jpg;Texte français aléatoire 86;1365
cb2c573288bec31c937fa437fd2c887b5df95393.jpg;Texte français aléatoire 68;623
cc201a894e782d5fbc176ef358464082d8b832ad.jpg;Texte français aléatoire 34;1478
cc201a894e782d5fbc176ef358464082d8b832ad.jpg;Texte français aléatoire 49;695
cc201a894e782d5fbc176ef358464082d8b832ad.jpg;Texte français aléatoire 39;797
cc201a894e782d5fbc176ef358464082d8b832ad.jpg;Texte français aléatoire 71;874
cc201a894e782d5fbc176ef358464082d8b832ad.jpg;Texte français aléatoire 1;709
cc201a894e782d5fbc176ef358464082d8b832ad.jpg;Texte français aléatoire 37;1082
cc201a894e782d5fbc176ef358464082d8b832ad.jpg;Texte français aléatoire 89;749
cc8a67de538fe96b089f094eedefa873f3d3500d.jpg;Texte français aléatoire 91;1321
cd8ec1f97ff15de97f3f36edf76d44d075fb506a.jpg;Texte français aléatoire 64;1160
cd8ec1f97ff15de97f3f36edf76d44d075fb506a.jpg;Texte français aléatoire 74;1195
cea1717dff3d9a587a1368b9e87644626d1b4b85.jpg;Texte français aléatoire 6;1428
cea1717dff3d9a587a1368b9e87644626d1b4b85.jpg;Texte français aléatoire 71;912
cea1717dff3d9a587a1368b9e87644626d1b4b85.jpg;Texte français aléatoire 30;10
cea1717dff3d9a587a1368b9e87644626d1b4b85.jpg;Texte français aléatoire 10;676
d0c0c4b6dcdfb03016c54da8642089086759b475.jpg;Texte français aléatoire 41;1078
d0c0c4b6dcdfb03016c54da8642089086759b475.jpg;Texte français aléatoire 76;395
d0c0c4b6dcdfb03016c54da8642089086759b475.jpg;Texte français aléatoire 60;1425
d0c0c4b6dcdfb03016c54da8642089086759b475.jpg;Texte français aléatoire 74;187
d0c0c4b6dcdfb03016c54da8642089086759b475.jpg;Texte français aléatoire 39;1380
d0c0c4b6dcdfb03016c54da8642089086759b475.jpg;Texte français aléatoire 4;161
d0c0c4b6dcdfb03016c54da8642089086759b475.jpg;Texte français aléatoire 12;1206
d0c0c4b6dcdfb03016c54da8642089086759b475.jpg;Texte français aléatoire 66;878
d0c0c4b6dcdfb03016c54da8642089086759b475.jpg;Texte français aléatoire 69;1219
d3002cfa699c50a7b42544669915d5b80a00bac6.jpg;Texte français aléatoire 34;570
d3002cfa699c50a7b42544669915d5b80a00bac6.jpg;Texte français aléatoire 11;591
d3002cfa699c50a7b42544669915d5b80a00bac6.jpg;Texte français aléatoire 40;738
d3002cfa699c50a7b42544669915d5b80a00bac6.jpg;Texte français aléatoire 8;311
d3002cfa699c50a7b42544669915d5b80a00bac6.jpg;Texte français aléatoire 48;673
d4a5c6f50b79ad5936bd8c991b1002e9ec428838.jpg;Texte français aléatoire 51;1035
d4a5c6f50b79ad5936bd8c991b1002e9ec428838.jpg;Texte français aléatoire 49;172
d4a5c6f50b79ad5936bd8c991b1002e9ec428838.jpg;Texte français aléatoire 93;889
d4a5c6f50b79ad5936bd8c991b1002e9ec428838.jpg;Texte français aléatoire 30;1359
d4a5c6f50b79ad5936bd8c991b1002e9ec428838.jpg;Texte français aléatoire 23;1132
d4a5c6f50b79ad5936bd8c991b1002e9ec428838.jpg;Texte français aléatoire 15;922
d4b16327cfad9dab427a6e434a4a319ecf850db7.jpg;Texte français aléatoire 41;335
d4b16327cfad9dab427a6e434a4a319ecf850db7.jpg;Texte français aléatoire 14;84
d4b16327cfad9dab427a6e434a4a319ecf850db7.jpg;Texte français aléatoire 78;853
d4b16327cfad9dab427a6e434a4a319ecf850db7.jpg;Texte français aléatoire 41;1453
d52336e5db753f6e07cb7fdc208272b0215a1b81.jpg;Texte français aléatoire 10;1145
d52336e5db753f6e07cb7fdc208272b0215a1b81.jpg;Texte français aléatoire 24;733
d52336e5db753f6e07cb7fdc208272b0215a1b81.jpg;Texte français aléatoire 87;387
d52336e5db753f6e07cb7fdc208272b0215a1b81.jpg;Texte français aléatoire 31;684
d52336e5db753f6e07cb7fdc208272b0215a1b81.jpg;Texte français aléatoire 56;1394
d52336e5db753f6e07cb7fdc208272b0215a1b81.jpg;Texte français aléatoire 85;968
d65e9f3c953f9f793f8d69ce258031817264d3e6.jpg;Texte français aléatoire 61;216
d65e9f3c953f9f793f8d69ce258031817264d3e6.jpg;Texte français aléatoire 21;899
d65e9f3c953f9f793f8d69ce258031817264d3e6.jpg;Texte français aléatoire 16;1077
d65e9f3c953f9f793f8d69ce258031817264d3e6.jpg;Texte français aléatoire 18;433
d65e9f3c953f9f793f8d69ce258031817264d3e6.jpg;Texte français aléatoire 46;1159
d65e9f3c953f9f793f8d69ce258031817264d3e6.jpg;Texte français aléatoire 69;163
d65e9f3c953f9f793f8d69ce258031817264d3e6.jpg;Texte français aléatoire 17;62
d6ae5452a5e7b7875529ffa507b06d4ea2176106.jpg;Texte français aléatoire 39;523
d6ec30d6c7f2722a4f25486cda1b4dba560787cb.jpg;Texte français aléatoire 31;929
d6ec30d6c7f2722a4f25486cda1b4dba560787cb.jpg;Texte français aléatoire 88;792
d6ec30d6c7f2722a4f25486cda1b4dba560787cb.jpg;Texte français aléatoire 43;21
d6ec30d6c7f2722a4f25486cda1b4dba560787cb.jpg;Texte français aléatoire 75;460
d6ec30d6c7f2722a4f25486cda1b4dba560787cb.jpg;Texte français aléatoire 79;972
d6ec30d6c7f2722a4f25486cda1b4dba560787cb.jpg;Texte français aléatoire 65;394
d6ec30d6c7f2722a4f25486cda1b4dba560787cb.jpg;Texte français aléatoire 48;704
d6ec30d6c7f2722a4f25486cda1b4dba560787cb.jpg;Texte français aléatoire 79;1314
d6ec30d6c7f2722a4f25486cda1b4dba560787cb.jpg;Texte français aléatoire 31;634
d871ee161ea4cb53dd29638cec64d1e8d93d56c3.jpg;Texte français aléatoire 33;223
d871ee161ea4cb53dd29638cec64d1e8d93d56c3.jpg;Texte français aléatoire 32;623
d871ee161ea4cb53dd29638cec64d1e8d93d56c3.jpg;Texte français aléatoire 74;860
d871ee161ea4cb53dd29638cec64d1e8d93d56c3.jpg;Texte français aléatoire 92;1391
d871ee161ea4cb53dd29638cec64d1e8d93d56c3.jpg;Texte français aléatoire 3;317
d871ee161ea4cb53dd29638cec64d1e8d93d56c3.jpg;Texte français aléatoire 22;992
daf25d3200b15c4541c8e174af7307fea60694ea.png;Texte français aléatoire 54;1210
daf25d3200b15c4541c8e174af7307fea60694ea.png;Texte français aléatoire 75;1386
daf25d3200b15c4541c8e174af7307fea60694ea.png;Texte français aléatoire 63;44
daf25d3200b15c4541c8e174af7307fea60694ea.png;Texte français aléatoire 24;1449
daf25d3200b15c4541c8e174af7307fea60694ea.png;Texte français aléatoire 94;516
daf25d3200b15c4541c8e174af7307fea60694ea.png;Texte français aléatoire 80;1061
dafdd42070ac1eeb6e96be2152887cefd8479906.jpg;Texte français aléatoire 98;1337
dafdd42070ac1eeb6e96be2152887cefd8479906.jpg;Texte français aléatoire 31;674
ddb18d1982b9ae648a62c05efe4ecfff72f5d764.jpg;Texte français aléatoire 29;1312
ddb18d1982b9ae648a62c05efe4ecfff72f5d764.jpg;Texte français aléatoire 18;1135
ddb18d1982b9ae648a62c05efe4ecfff72f5d764.jpg;Texte français aléatoire 78;94
ddb18d1982b9ae648a62c05efe4ecfff72f5d764.jpg;Texte français aléatoire 41;228
ddb18d1982b9ae648a62c05efe4ecfff72f5d764.jpg;Texte français aléatoire 70;256
df106268c58dc80d88cc32b80a66a674a1126b30.jpg;Texte français aléatoire 95;556
df106268c58dc80d88cc32b80a66a674a1126b30.jpg;Texte français aléatoire 50;1125
df106268c58dc80d88cc32b80a66a674a1126b30.jpg;Texte français aléatoire 20;1121
df106268c58dc80d88cc32b80a66a674a1126b30.jpg;Texte français aléatoire 90;501
df106268c58dc80d88cc32b80a66a674a1126b30.jpg;Texte français aléatoire 46;777
df219bed70d4307d25b469c3e68c1bc29a609851.jpg;Texte français aléatoire 30;688
df219bed70d4307d25b469c3e68c1bc29a609851.jpg;Texte français aléatoire 35;93
df219bed70d4307d25b469c3e68c1bc29a609851.jpg;Texte français aléatoire 18;555
df219bed70d4307d25b469c3e68c1bc29a609851.jpg;Texte français aléatoire 46;586
df219bed70d4307d25b469c3e68c1bc29a609851.jpg;Texte français aléatoire 21;277
dfb20c03e63a0e9b5e5594d0efa882a09cf9f3ab.jpg;Texte français aléatoire 34;1220
dfb20c03e63a0e9b5e5594d0efa882a09cf9f3ab.jpg;Texte français aléatoire 66;560
dfb20c03e63a0e9b5e5594d0efa882a09cf9f3ab.jpg;Texte français aléatoire 54;195
dfb20c03e63a0e9b5e5594d0efa882a09cf9f3ab.jpg;Texte français aléatoire 33;549
dfe98b60b05ab614bb4a89e00c44aa94de133343.jpg;Texte français aléatoire 52;1064
dfe98b60b05ab614bb4a89e00c44aa94de133343.jpg;Texte français aléatoire 27;730
dfe98b60b05ab614bb4a89e00c44aa94de133343.jpg;Texte français aléatoire 60;59
dfe98b60b05ab614bb4a89e00c44aa94de133343.jpg;Texte français aléatoire 88;243
dfe98b60b05ab614bb4a89e00c44aa94de133343.jpg;Texte français aléatoire 34;160
dfe98b60b05ab614bb4a89e00c44aa94de133343.jpg;Texte français aléatoire 25;685
dfe98b60b05ab614bb4a89e00c44aa94de133343.jpg;Texte français aléatoire 9;1187
e0af71700ca613a8b182a72c58ff85a652bbfa15.jpg;Texte français aléatoire 23;317
e0af71700ca613a8b182a72c58ff85a652bbfa15.jpg;Texte français aléatoire 78;461
e0af71700ca613a8b182a72c58ff85a652bbfa15.jpg;Texte français aléatoire 13;1458
e0af71700ca613a8b182a72c58ff85a652bbfa15.jpg;Texte français aléatoire 88;245
e0af71700ca613a8b182a72c58ff85a652bbfa15.jpg;Texte français aléatoire 69;1059
e0af71700ca613a8b182a72c58ff85a652bbfa15.jpg;Texte français aléatoire 1;546
e0af71700ca613a8b182a72c58ff85a652bbfa15.jpg;Texte français aléatoire 83;230
e0d6750a3e3ee9ef070cb6d1d9389968584ea302.jpg;Texte français aléatoire 74;921
e0d6750a3e3ee9ef070cb6d1d9389968584ea302.jpg;Texte français aléatoire 47;586
e0d6750a3e3ee9ef070cb6d1d9389968584ea302.jpg;Texte français aléatoire 16;297
e0d6750a3e3ee9ef070cb6d1d9389968584ea302.jpg;Texte français aléatoire 68;841
e0d6750a3e3ee9ef070cb6d1d9389968584ea302.jpg;Texte français aléatoire 46;658
e4f5fa4f715be7d42890d2974a56e7c5407e2f3d.jpg;Texte français aléatoire 31;408
e55f7191ae33587937e6d91664d96a924c6431ba.jpg;Texte français aléatoire 62;167
e57c9150df2b4b67c3502ff38e7a58c3170d0fe7.jpg;Texte français aléatoire 79;126
e57c9150df2b4b67c3502ff38e7a58c3170d0fe7.jpg;Texte français aléatoire 51;409
e57c9150df2b4b67c3502ff38e7a58c3170d0fe7.jpg;Texte français aléatoire 70;1441
e634cdfa6ea1784d6c990989da51176725b64cc1.jpg;Texte français aléatoire 100;573
e634cdfa6ea1784d6c990989da51176725b64cc1.jpg;Texte français aléatoire 69;992
e634cdfa6ea1784d6c990989da51176725b64cc1.jpg;Texte français aléatoire 86;482
e63772b52442a2a7c1cb0736b8afc5b98e91ba4f.jpg;Texte français aléatoire 73;740
e63772b52442a2a7c1cb0736b8afc5b98e91ba4f.jpg;Texte français aléatoire 87;1332
e63772b52442a2a7c1cb0736b8afc5b98e91ba4f.jpg;Texte français aléatoire 73;1344
e63772b52442a2a7c1cb0736b8afc5b98e91ba4f.jpg;Texte français aléatoire 37;688
e63772b52442a2a7c1cb0736b8afc5b98e91ba4f.jpg;Texte français aléatoire 27;1391
e63bc6b48dcbf3a0e445b9ef3c2ff4f9b85fc668.jpg;Texte français aléatoire 60;425
e63bc6b48dcbf3a0e445b9ef3c2ff4f9b85fc668.jpg;Texte français aléatoire 16;312
e63bc6b48dcbf3a0e445b9ef3c2ff4f9b85fc668.jpg;Texte français aléatoire 70;397
e63bc6b48dcbf3a0e445b9ef3c2ff4f9b85fc668.jpg;Texte français aléatoire 74;880
e63bc6b48dcbf3a0e445b9ef3c2ff4f9b85fc668.jpg;Texte français aléatoire 73;232
e63bc6b48dcbf3a0e445b9ef3c2ff4f9b85fc668.jpg;Texte français aléatoire 48;462
e63bc6b48dcbf3a0e445b9ef3c2ff4f9b85fc668.jpg;Texte français aléatoire 9;123
e63bc6b48dcbf3a0e445b9ef3c2ff4f9b85fc668.jpg;Texte français aléatoire 80;1254
e63bc6b48dcbf3a0e445b9ef3c2ff4f9b85fc668.jpg;Texte français aléatoire 71;405
e6ac5fafe8daa3f09cba129f1e5bed0cdcf78976.jpg;Texte français aléatoire 60;811
e6ac5fafe8daa3f09cba129f1e5bed0cdcf78976.jpg;Texte français aléatoire 9;498
e7b3ce518a8aac08b7310c3b53e7042ba5085266.jpg;Texte français aléatoire 27;839
ec5a8440f1c30c312c7c42d2afd49f5ab0449113.jpg;Texte français aléatoire 10;63
ec5a8440f1c30c312c7c42d2afd49f5ab0449113.jpg;Texte français aléatoire 32;1053
ec5a8440f1c30c312c7c42d2afd49f5ab0449113.jpg;Texte français aléatoire 30;1440
ec5a8440f1c30c312c7c42d2afd49f5ab0449113.jpg;Texte français aléatoire 61;1478
edc2318039fdcdeaf4f2644ba7388b0da50192fa.jpg;Texte français aléatoire 41;495
edc2318039fdcdeaf4f2644ba7388b0da50192fa.jpg;Texte français aléatoire 54;765
edc2318039fdcdeaf4f2644ba7388b0da50192fa.jpg;Texte français aléatoire 63;1031
edc2318039fdcdeaf4f2644ba7388b0da50192fa.jpg;Texte français aléatoire 29;1250
edc2318039fdcdeaf4f2644ba7388b0da50192fa.jpg;Texte français aléatoire 98;1469
edc2318039fdcdeaf4f2644ba7388b0da50192fa.jpg;Texte français aléatoire 85;1238
edc2318039fdcdeaf4f2644ba7388b0da50192fa.jpg;Texte français aléatoire 97;1376
edc2318039fdcdeaf4f2644ba7388b0da50192fa.jpg;Texte français aléatoire 52;95
ee36512797b44728da094b717a4a7155c9576401.jpg;Texte français aléatoire 92;1198
ee36512797b44728da094b717a4a7155c9576401.jpg;Texte français aléatoire 31;1209
ee36512797b44728da094b717a4a7155c9576401.jpg;Texte français aléatoire 85;287
ee36512797b44728da094b717a4a7155c9576401.jpg;Texte français aléatoire 10;589
ee36512797b44728da094b717a4a7155c9576401.jpg;Texte français aléatoire 75;714
ee36512797b44728da094b717a4a7155c9576401.jpg;Texte français aléatoire 84;168
f24a1cdc57c6a66fb8d0f164555ebb72f34afc57.jpg;Texte français aléatoire 34;1329
f24a1cdc57c6a66fb8d0f164555ebb72f34afc57.jpg;Texte français aléatoire 82;631
f24a1cdc57c6a66fb8d0f164555ebb72f34afc57.jpg;Texte français aléatoire 61;1014
f24a1cdc57c6a66fb8d0f164555ebb72f34afc57.jpg;Texte français aléatoire 67;1050
f24a1cdc57c6a66fb8d0f164555ebb72f34afc57.jpg;Texte français aléatoire 2;305
f24a1cdc57c6a66fb8d0f164555ebb72f34afc57.jpg;Texte français aléatoire 16;1058
f24a1cdc57c6a66fb8d0f164555ebb72f34afc57.jpg;Texte français aléatoire 87;807
f24a1cdc57c6a66fb8d0f164555ebb72f34afc57.jpg;Texte français aléatoire 73;546
f24a1cdc57c6a66fb8d0f164555ebb72f34afc57.jpg;Texte français aléatoire 16;413
f25fc5f3c75125e2894589c6da66a456b919f07a.jpg;Texte français aléatoire 16;770
f25fc5f3c75125e2894589c6da66a456b919f07a.jpg;Texte français aléatoire 31;1407
f25fc5f3c75125e2894589c6da66a456b919f07a.jpg;Texte français aléatoire 2;1376
f312b9298d9fef8b438ee16d99407c17008d1059.jpg;Texte français aléatoire 82;967
f312b9298d9fef8b438ee16d99407c17008d1059.jpg;Texte français aléatoire 88;1054
f312b9298d9fef8b438ee16d99407c17008d1059.jpg;Texte français aléatoire 37;1195
f312b9298d9fef8b438ee16d99407c17008d1059.jpg;Texte français aléatoire 96;1036
f312b9298d9fef8b438ee16d99407c17008d1059.jpg;Texte français aléatoire 39;1450
f312b9298d9fef8b438ee16d99407c17008d1059.jpg;Texte français aléatoire 11;1216
f312b9298d9fef8b438ee16d99407c17008d1059.jpg;Texte français aléatoire 12;594
f312b9298d9fef8b438ee16d99407c17008d1059.jpg;Texte français aléatoire 20;1153
f312b9298d9fef8b438ee16d99407c17008d1059.jpg;Texte français aléatoire 23;192
f312b9298d9fef8b438ee16d99407c17008d1059.jpg;Texte français aléatoire 9;574
f4158230b4de612939b730553dc4a23c651564ff.jpg;Texte français aléatoire 74;820
f4158230b4de612939b730553dc4a23c651564ff.jpg;Texte français aléatoire 57;761
f4158230b4de612939b730553dc4a23c651564ff.jpg;Texte français aléatoire 93;518
f4158230b4de612939b730553dc4a23c651564ff.jpg;Texte français aléatoire 28;393
f4158230b4de612939b730553dc4a23c651564ff.jpg;Texte français aléatoire 95;861
f4158230b4de612939b730553dc4a23c651564ff.jpg;Texte français aléatoire 66;1183
f4158230b4de612939b730553dc4a23c651564ff.jpg;Texte français aléatoire 62;87
f55fd3f91a2bad48c6bb3d9be260fdb8b2d9303d.jpg;Texte français aléatoire 26;504
f6485b20b236f6c687cfd80f033cea8285fe6c4c.jpg;Texte français aléatoire 23;998
f6485b20b236f6c687cfd80f033cea8285fe6c4c.jpg;Texte français aléatoire 84;1273
f6485b20b236f6c687cfd80f033cea8285fe6c4c.jpg;Texte français aléatoire 47;1340
f6485b20b236f6c687cfd80f033cea8285fe6c4c.jpg;Texte français aléatoire 34;437
f6485b20b236f6c687cfd80f033cea8285fe6c4c.jpg;Texte français aléatoire 17;331
f6485b20b236f6c687cfd80f033cea8285fe6c4c.jpg;Texte français aléatoire 15;99
f6485b20b236f6c687cfd80f033cea8285fe6c4c.jpg;Texte français aléatoire 92;15
f74fc2ae8f58a133d96dcfeeb5bd24f43d56c88e.jpg;Texte français aléatoire 3;183
f74fc2ae8f58a133d96dcfeeb5bd24f43d56c88e.jpg;Texte français aléatoire 82;558
f74fc2ae8f58a133d96dcfeeb5bd24f43d56c88e.jpg;Texte français aléatoire 90;572
f74fc2ae8f58a133d96dcfeeb5bd24f43d56c88e.jpg;Texte français aléatoire 53;765
f74fc2ae8f58a133d96dcfeeb5bd24f43d56c88e.jpg;Texte français aléatoire 38;761
f74fc2ae8f58a133d96dcfeeb5bd24f43d56c88e.jpg;Texte français aléatoire 7;167
f74fc2ae8f58a133d96dcfeeb5bd24f43d56c88e.jpg;Texte français aléatoire 50;325
f74fc2ae8f58a133d96dcfeeb5bd24f43d56c88e.jpg;Texte français aléatoire 15;601
f74fc2ae8f58a133d96dcfeeb5bd24f43d56c88e.jpg;Texte français aléatoire 78;1149
f74fc2ae8f58a133d96dcfeeb5bd24f43d56c88e.jpg;Texte français aléatoire 4;932
f885a6cbaa3c8365bb0f227d2830b9fc72e9a1a5.jpg;Texte français aléatoire 21;84
f885a6cbaa3c8365bb0f227d2830b9fc72e9a1a5.jpg;Texte français aléatoire 67;115
f885a6cbaa3c8365bb0f227d2830b9fc72e9a1a5.jpg;Texte français aléatoire 27;152
f885a6cbaa3c8365bb0f227d2830b9fc72e9a1a5.jpg;Texte français aléatoire 35;151
f885a6cbaa3c8365bb0f227d2830b9fc72e9a1a5.jpg;Texte français aléatoire 81;825
f885a6cbaa3c8365bb0f227d2830b9fc72e9a1a5.jpg;Texte français aléatoire 10;945
faaab6f868e44cb62c59106c952c81082707d1ae.jpg;Texte français aléatoire 26;444
fb0fca64337a2b633ac29d14816b5d848607c1b2.jpg;Texte français aléatoire 20;118
fb0fca64337a2b633ac29d14816b5d848607c1b2.jpg;Texte français aléatoire 1;100
fb0fca64337a2b633ac29d14816b5d848607c1b2.jpg;Texte français aléatoire 32;306
fb0fca64337a2b633ac29d14816b5d848607c1b2.jpg;Texte français aléatoire 49;146
fb0fca64337a2b633ac29d14816b5d848607c1b2.jpg;Texte français aléatoire 60;1497
fb0fca64337a2b633ac29d14816b5d848607c1b2.jpg;Texte français aléatoire 16;451
fb0fca64337a2b633ac29d14816b5d848607c1b2.jpg;Texte français aléatoire 12;1404
fb0fca64337a2b633ac29d14816b5d848607c1b2.jpg;Texte français aléatoire 29;465
fb38115874b70b9c3407b32ce3154ad0364de126.jpg;Texte français aléatoire 24;431
fb38115874b70b9c3407b32ce3154ad0364de126.jpg;Texte français aléatoire 77;636
fb38115874b70b9c3407b32ce3154ad0364de126.jpg;Texte français aléatoire 44;530
fb38115874b70b9c3407b32ce3154ad0364de126.jpg;Texte français aléatoire 5;973
fcd7140443d621e5ec272410cb79fb206128a50e.jpg;Texte français aléatoire 45;1269
fcd7140443d621e5ec272410cb79fb206128a50e.jpg;Texte français aléatoire 70;1364
fcd7140443d621e5ec272410cb79fb206128a50e.jpg;Texte français aléatoire 25;997
fcd7140443d621e5ec272410cb79fb206128a50e.jpg;Texte français aléatoire 13;1328
fcd7140443d621e5ec272410cb79fb206128a50e.jpg;Texte français aléatoire 4;700
fcd7140443d621e5ec272410cb79fb206128a50e.jpg;Texte français aléatoire 42;1478
fcd7140443d621e5ec272410cb79fb206128a50e.jpg;Texte français aléatoire 60;170
fcd7140443d621e5ec272410cb79fb206128a50e.jpg;Texte français aléatoire 90;953
fcd7140443d621e5ec272410cb79fb206128a50e.jpg;Texte français aléatoire 75;145
fcd72932d2183c7748c0774a0a06d64e054197c0.jpg;Texte français aléatoire 46;1137
fcd72932d2183c7748c0774a0a06d64e054197c0.jpg;Texte français aléatoire 75;881
fcd72932d2183c7748c0774a0a06d64e054197c0.jpg;Texte français aléatoire 63;458
fcd72932d2183c7748c0774a0a06d64e054197c0.jpg;Texte français aléatoire 41;961
fcd72932d2183c7748c0774a0a06d64e054197c0.jpg;Texte français aléatoire 73;1450
fcd72932d2183c7748c0774a0a06d64e054197c0.jpg;Texte français aléatoire 22;583
fcd72932d2183c7748c0774a0a06d64e054197c0.jpg;Texte français aléatoire 91;201
fcd72932d2183c7748c0774a0a06d64e054197c0.jpg;Texte français aléatoire 48;865
fce8dbaa7170b7e9909cf3304f4116cfb5384413.jpg;Texte français aléatoire 33;371
fd2cd261eb7c88534d7767da8d6586fe039a7a81.jpg;Texte français aléatoire 83;740
fd2cd261eb7c88534d7767da8d6586fe039a7a81.jpg;Texte français aléatoire 37;702
fd2cd261eb7c88534d7767da8d6586fe039a7a81.jpg;Texte français aléatoire 67;1303
fde9e1955bb94bde9937d6521454422aa8201361.jpg;Texte français aléatoire 53;150
fde9e1955bb94bde9937d6521454422aa8201361.jpg;Texte français aléatoire 99;1438
fde9e1955bb94bde9937d6521454422aa8201361.jpg;Texte français aléatoire 4;1136
fde9e1955bb94bde9937d6521454422aa8201361.jpg;Texte français aléatoire 87;1394
fde9e1955bb94bde9937d6521454422aa8201361.jpg;Texte français aléatoire 22;516
fde9e1955bb94bde9937d6521454422aa8201361.jpg;Texte français aléatoire 3;1184
fde9e1955bb94bde9937d6521454422aa8201361.jpg;Texte français aléatoire 32;966
fde9e1955bb94bde9937d6521454422aa8201361.jpg;Texte français aléatoire 53;613
fe7beb7c6541011c745fd161216281b19b8383cd.jpg;Texte français aléatoire 89;555
fe7beb7c6541011c745fd161216281b19b8383cd.jpg;Texte français aléatoire 72;698
fe7beb7c6541011c745fd161216281b19b8383cd.jpg;Texte français aléatoire 21;1252
fe7beb7c6541011c745fd161216281b19b8383cd.jpg;Texte français aléatoire 64;1464
fe7beb7c6541011c745fd161216281b19b8383cd.jpg;Texte français aléatoire 72;83
fe7beb7c6541011c745fd161216281b19b8383cd.jpg;Texte français aléatoire 43;777
fe7beb7c6541011c745fd161216281b19b8383cd.jpg;Texte français aléatoire 88;935
fe7beb7c6541011c745fd161216281b19b8383cd.jpg;Texte français aléatoire 49;144
fe7beb7c6541011c745fd161216281b19b8383cd.jpg;Texte français aléatoire 48;57
fe7beb7c6541011c745fd161216281b19b8383cd.jpg;Texte français aléatoire 35;931
fef1d09d3a0a1cbb39df9e09d22fd95a71d6afa7.jpg;Texte français aléatoire 100;535
fef1d09d3a0a1cbb39df9e09d22fd95a71d6afa7.jpg;Texte français aléatoire 54;853
fef1d09d3a0a1cbb39df9e09d22fd95a71d6afa7.jpg;Texte français aléatoire 92;536
fef1d09d3a0a1cbb39df9e09d22fd95a71d6afa7.jpg;Texte français aléatoire 69;519
fef1d09d3a0a1cbb39df9e09d22fd95a71d6afa7.jpg;Texte français aléatoire 53;1086
fef1d09d3a0a1cbb39df9e09d22fd95a71d6afa7.jpg;Texte français aléatoire 30;631
fef1d09d3a0a1cbb39df9e09d22fd95a71d6afa7.jpg;Texte français aléatoire 76;23
fef1d09d3a0a1cbb39df9e09d22fd95a71d6afa7.jpg;Texte français aléatoire 24;519
